Name,Cost,Score rating,Number rating,Comment user
Samsung Smart TV QLED QA55Q60C,13.490.000₫,4.3,23,"['Hình ảnh nét, chất lượng tốt/n', 'Sử dụng tốt ạ/n', 'Ok/n', 'Mới lắp đặt ngày 07.03.2024. Mẫu mã đẹp sang trọng. Hình ảnh đẹp sắc nét. Nhân viên vui vẻ nhiệt tình tư vấn sử dụng sản phẩm./n', 'Oke/n', 'Hiện tại dùng ổn, chưa thấy lỗi gì/n', 'Tivi mua 2 tháng , màn phía trong màu trắng tự nhiên bị nứt xước đường chéo màn hình . Gọi bảo hành , xuông kiểm tra xong báo k chịu bảo hành vết xước đó . Trong khi cái màn nó nằm phía trong giữa tivi thì làm sao có ai đụng chạm hay tác động vào được . Tivi mới mua 2 tháng cũng it sử dụng mà bị như vậy gọi bảo hành lại k chấp nhận . Tết nhất tới nơi mà chán chả buồn nói/n', 'Ti vi đẹp nhưng phần tìm kiếm hỗ trợ giọng nói quá chán. Hình như không thể sử dụng được. Nên có người muốn mua sản phẩm của sam sung cũng không dám giới thiệu cho bạn bè/n', 'Sai tôt ạ/n', 'Đẹp hình ảnh sắc nét/n', 'Rất tot/n', 'Hài Lòng./n', 'Hiện chưa kết nối được K+ quà tặng/n', 'Ok/n', 'Ti vi dùng ok lắm nha/n', 'ok/n', 'Ok tivi tốt/n', '/n', '/n', '/n']"
Samsung Smart TV UA55AU7002,8.490.000₫,4.5,69,"['Sản phẩm dùng khá tốt/n', 'Ok/n', 'Sản phẩm ok . Giao hàng nhanh , thái độ của nhân viên nhiệt tình./n', 'Tivi hay bị lỗi kết nối mạnh wifi. Trong khi mạng wifi sử dụng bình thường cho các thiết bị khác/n', 'Ti vi sử dụng rất tốt trong tầm giá./n', 'Rẻ đẹp nói chung với giá tiền này là ngon rồi Tiếc là muốn lắp treo tường phải thêm phí/n', 'Tốt/n', 'Phục vụ rất nhanh,chu đáo , giá giảm 8.3tr quá hợp lí/n', 'Rất tốt/n', 'Phục vụ chu đáo/n', 'Cảm ơn/n', 'Quá ok cùng loa thanh samsung C450/n', 'Ok/n', 'Ok/n', 'Tốt. Moi ng nen mua/n', 'Tốt/n', 'Tv đẹp/n', 'Tv ok/n', 'Ok/n', 'Tot/n']"
Samsung Smart TV UA55BU8000,12.900.000₫,4.3,54,"['có ai cíu em , điều khiển hết pin , e lật ngược lại bỏ dưới bóng đèn nhà nhưng không khả thi, dây sạc thì không có , giờ không xài được tivi luôn , ai hướng dẫn e với/n', 'Mọi thứ đều tốt. Chỉ có mỗi tìm kiếm bằng giọng nói thì không thể sử dụng Tiếng Việt được. Nhà có người già mà không thể tìm kiếm bằng giọng nói Tiếng Việt nên thật sự rất bất tiện./n', 'Hay bị lỗi/n', 'Tivi dùng ok ạ/n', 'Tốt/n', 'Ti vi trên cả tuyệt vời còn về độ bên thì dùng mới biết/n', 'sao mỗi lần tắt ti vi tầm 23 tiếng mở lại là bắt lỗi mạng mình tắt tivi bật lại thì k việc gì mà lúc nào cũng phải mở r tắt xong mở thấy k vui lắm . về phía nhân viên điện máy nhân viên lắp ráp nhiệt tình . ti vi màu đẹp c hình ảnh nét bé xem hoạt hình thấy khoái lắm. mình cũng mới mua đc tháng nên độ bền chờ thời gian trả lời/n', 'Sản phẩm tốt trong tầm giá/n', 'màu đẹp, tivi tốt/n', 'Cơ bản là dùng oke. Phù hợp mức giá so với cjaats lương/n', 'đẹp/n', 'Ok/n', 'Mới mua dx cách đây vài ngày.. âm thanh tốt..màu sắc đẹp..tivi mỏng đẹp.. rất hài lòng về dòng sản phẩm Samsung này/n', 'Sản phẩm dùng rất ok/n', 'Rất tốt/n', 'Tivi mỏng nhẹ xem rõ hỉnh, màu đẹp. Cần ủu đải cho khách hàng thân thiết khi mua./n', 'hình ảnh và âm thanh rất tốt/n', 'Mình cần lời giải thích từ điện máy xanh. Mua tivi hơn một tuần. Độ tươi màu sắc còn tệ hơn cả tv hd mua 3 năm trước. Vừa nhận hàng đã yêu cầu hỗ trợ ngay. Tới nay hỗ trợ nhưng kéo dài thời gian. Không giải quyết vấn đề. Đổ thừa tùm lum hết. Làm ăn vậy sao dám tin tưởng mua tiếp. Tv bỏ ra hơn 10trieu mua, đổi lại còn thua tvi 3trieu ./n', 'Chất lượng tốt/n', 'ít sử dụng/n']"
Samsung Smart TV UA55CU8000,10.990.000₫,4.8,324,"['Tivi chất lượng/n', 'Đang sử dụng vẫn ổn/n', 'Tôt/n', 'Tốt/n', 'Hình ảnh nét/n', 'âm thanh , chất lượng hình ảnh tốt/n', 'màu sắc đẹp/n', 'tivi đẹp/n', 'Xài tốt, rõ/n', 'Tivi có kết nối Bluetooth với loa, nhưng chỉ kết nối tốt với loa của samsung. Kết nối loa hảng khác nghe ko đc. Chức năng Bluetooth mà kết nối ko như thế thà ko có chức năng Bluetooth còn hay hơn. Ko nên mua nếu có ý định kết nối Bluetooth qua loa thông minh. Nhân viên samsung đến kiểm tra bảo loa ko tương thích, thế là xong/n', 'Thật may mắn hôm qua mua giá 9tr490k tivi sài rất tốt và hài lòng nhân viên lắp đặt/n', 'Tốt/n', 'Hàng ok chất lương/n', 'Rất tốt ạ/n', 'Ti vi đang bình thường cái nó biến thành vậy chỉ tắt và mở lên lại như vầy/n', 'Tốt/n', 'Hiện tại tivi samsung đang dùng ok/n', 'Tốt/n', 'Ok/n', 'Quá tuyệt vời/n']"
Samsung Smart TV QLED QA65Q60C,16.390.000₫,3.9,29,"['Xem YouTube các highlights bóng đá hình ảnh bị chuyển động giật rất khó xem, có ai giống mình không. Nhờ hỗ trợ với/n', 'Rất tệ chăm sóc khách hàng rất kém/n', 'Tivi hình ảnh nó nhoà và tối hơn rất nhiều so với tivi sony giá tương đương gia đình mình vừa xài/n', 'Mọi cái tốt nhưng app VieOn tích hợp trên Tivi xài rất chậm và giật, mặc dù VieOn tích hợp sẵn và có cả nút sẵn trên Remote/n', 'Tivi ok nhưng sao gói Khuyến mãi VTVCab ON sau khi hết hạn gói VIP thì gói Cơ bản 2 năm cũng mất tiêu luôn vậy Điện Máy Xanh TV mới mua được mấy tháng thôi mà./n', 'Tivi đẹp nha, tính đặt mua LG thì chạy ra cửa hàng xem thử, không ngờ con này QLED giảm giá còn 15tr hốt luôn vì chất lượng đẹp hơn LG với giá này. Hệ điều hành chạy mượt, hi vọng bền với thời gian./n', 'OK/n', 'OK/n', 'Hiện tại còn bảo hành nên dùng rất ok .hết bảo hành thì tính tiếp ạ/n', 'Tot ban ạ/n', 'Vừa mua được 2 ngày mà giá giảm xuống 2,5 triệu, như vậy không biết có vấn đề gì không/n', 'Rất tuyệt vời!/n', 'Tốt/n', 'Tôi không thể kết nối AirPlay trên tivi này được mặc dù đã thử trên nhiều điện thoại iPhone, tôi cần hổ trợ/n', 'Tại sao hôm kia lúc tôi đến mua tivi này bạn nhân viên không tư vấn cho tôi mua online giá rẻ hơn 2tr3 . trong khi mua online với mua trực tiếp tại cửa hàng CHƯƠNG TRÌNH KHUYỄN MÃI đều giống nhau. Hôm nay tôi vào xem giá online mới thấy . tôi người mua rất nhiều hàng ở đmx. Tại sao lại có thể mất oan 2tr3 này được. Xin bên đmx hãy trả lời rõ cho tôi. Quý vị có thể check đơn hàng tôi đã mua ở cty. Cửa hàng tôi mua tại thị trấn Lai Uyên, Bàu Bàng, Bình Dương/n', 'Tivi đẹp giá cao hơn lg nhưng chả có chương trình gì/n', 'rất thích/n', 'Tốt/n', 'Ok/n', 'Ok/n']"
Samsung Smart TV UA43AU7002,6.490.000₫,4.3,190,"['Xài ok . Chỉ thiếu ko có điều khiến giọng nói thôi/n', 'Tốt/n', 'Làm ăn ko có trách nhiệm, khuyến mại gói cước thì ko coi dc gì, gọi hỗ trợ thì hẹn tới hẹn lui, vẫn ko có ai phản hồi,mua hàng nhiều lần mà lần này thất vọng/n', 'Ok/n', 'Ti vi rõ nét đẹp/n', 'Ổn/n', 'Tv tot mau sac dep/n', 'Hình ảnh đẹp điều khiển nhạy de sử dụng giá tốt 4k thì quá OK/n', 'Ok. Nhung sai vai ngay co hiện tuong trễ khi vao app/n', 'tv đẹp, coi rõ nét màu chuẩn, dịu mắt. Nv tư vấn nhiệt tình, nên mua ở đmx nha mn./n', 'Tivi màu đẹp sắc nét, âm thanh cũng OK, chỉ tiếc là ko có chức năng tìm kiếm được bằng giọng nói trên remote hoặc YouTube./n', 'mới dùng nên chưa đánh giá dc độ bền, chức năng ok/n', 'Tot/n', 'Rất tốt/n', 'Sản phẩm chất lượng cao/n', 'Nhân viên chăm sóc khách hàng rất thiếu trách nhiệm. Ko hướng dẫn về việc thanh toán. Khấu trừ khuyến mãi cho khách hàng. Không gọi lại để chốt đơn và kiểm trả thông tin đơn đặt hàng/n', 'Remote ko có giọng nói là lý do gì./n', 'Dmx nay giá này, mai giá kia, vừa mua hôm trước, hôm sau giảm cả triệu./n', 'Rất tốt/n', 'Ti vi k có giọng nói gì hết/n']"
Samsung Smart TV UA65CU8000,12.790.000₫,4.5,350,"['Màu sắc đẹp , chỉ có hơi phiền là nó nói nhiều quá/n', 'Đang sử dụng tốt/n', 'Đang sử dụng vẫn ổn/n', 'Tivi chất lượng/n', 'Dang sử dụng cảm thấy tốt chất lượng/n', 'Sẽ giới thiệu cho bạn bè/n', 'Sản phẩm đang sử dụng tốt/n', 'Sản phẩm chất lượng/n', 'Sản phẩm tốt Dịch vụ chất lượng/n', 'Tivi sử dụng tốt/n', 'Tivi sử dụng tốt/n', 'Đang sử dụng tốt/n', 'Sản phẩm đang sử dụng tốt/n', 'Sản phẩm chất lượng đang sử dụng rất tốt/n', 'Tivi tốt đang sử dụng OK/n', 'Sản phẩm tốt chất lượng cho điểm tối đa/n', 'Sẽ giới thiệu cho bạn bè/n', 'Giao diện đẹp dễ sử dụng cho người lớn tuổi/n', 'Đang sử dụng tivi hoạt động tốt/n', 'Sẽ giới thiệu cho bạn bè/n']"
Samsung Smart TV UA43CU8000,9.800.000₫,4.5,12,"['Hình ảnh chân thật sắc nét. Rất tốt/n', 'kết nối Wifi rất tệ, mỗi lần mở TV phải sửa lỗi gỡ rối kết nối Wifi kết nối lại Wifi/n', 'Tốt ạ/n', 'ok tốt đáng mua/n', 'Nhân viên giao hàng, lắp đặt rất nhiệt tình, thân thiện./n', 'Mjh đã sd tivi hiệu này rồi , và bây giờ mua thêm vẫn thích sd hiệu này, nói chung rất ok/n', 'Rất hài lòng 😀/n', 'Rất vui khi mua sản phẩm này.hợp với túi tiền người lao động/n', '/n', '/n', '/n', '/n']"
Samsung Smart TV UA32T4202,4.690.000₫,4.2,36,"['Nhờ nhân viên hỗ trợ hẹn 5 ngày liên hệ đến nay là ngày thứ 6 vẫn chưa thấy gì. Điện thì thái độ nhân viên cợt nhã đang cười giỡn với người khác không nghe rõ yêu cầu của khách hàng. Nói 120p sau có người liên hệ hỗ trợ cũng không có. Lần đầu tiên có trải nghiệm xấu như vậy về ĐMX/n', 'Tot/n', 'Tivi mình mua bị lỗi tiếng một hôm giờ trở lại bình thường Nhưng tôi biết nó đã có vấn đề/n', 'Được/n', 'OK/n', 'Tốt/n', 'Ti vi sài tốt nhé/n', 'Kết nối với chảo bấm tới kênh 17 đứng hình hk bấm lên xuống được/n', 'Mua thì suy nghĩ lại nha mọi người em mua xem chưa được 1 tiếng nó tắt nguồn ko lên nguồn luôn nchung mang tiếng được chữ Samsung thôi chứ còn lại thì lắm/n', 'Mình mới mua tivi nhưng màu không sáng,không rõ nét.Mong phản hồi/n', 'Tivi màn hình rõ nét, rất tốt/n', 'Mới mua 24.9.2023 âm thanh tốt. Màn hình sáng rõ./n', 'Ok/n', 'Ok mau dep/n', 'Nhân viên rất nhiệt tình/n', 'Hàng tốt ạ. Nhân viên phục vụ tận tình. Cảm ơn/n', 'Ok/n', 'Tivi ok/n', 'Tivi mượt, màn hình ổn/n', 'Sản phẩm tốt. Dịch vụ chu đáo. Chúc Điện máy xanh làm ăn phát tài./n']"
Samsung Smart TV Crystal UHD UA43BU8000,9.300.000₫,4.5,96,"['Nó cứ hiện lên mãi Rất khó chịu/n', 'Màu đẹp nhìn rất nét/n', 'Ti vi tốt nhe mọi người./n', 'Hình ảnh sắc nét.tặng cáp truyền hình 6 tháng. Nên mua.giá hợp lý/n', 'Mới mua chưa lâu, hiện xài tốt/n', 'So với tv SS cũ thì cái mới này mượt hơn, bắt wifi mạnh./n', 'âm thanh tốt, màn hỗ trợ 4K nịnh mắt, có điều hơi tối/n', 'Sao mua lúc chiều tại cửa hàng 8tr990 mà trên wep có 8tr196 Nhân viên không cập Nhật để khách hàng mua giá cao hơn so với khuyến mãi vậy/n', 'Ok điện máy XANH/n', 'Tivi mẩu mã đẹp, độ nét tương đối không bằng sony, âm thanh nhỏ. Giao hàng nhanh,nv nhiệt tình./n', 'Bán hàng giao hàng nhiệt tình nói chung là ok nhiệt tình vui vẽ/n', 'Dễ dùng, chất lượng hiệu quả/n', 'TV sủ dụng tốt qua 1 tg sử dụng/n', 'Dùng rất tốt . Nhân viên nhiệt tình. Hướng dẫn chu đáo/n', 'Ok/n', 'Tivi tôi mua đến nay sủ dụng tốt/n', 'Rất tốt ,rõ nét/n', 'Độ màu, hình ảnh rõ nét, nhưng âm thanh nhỏ./n', 'rat tot nhe/n', 'OK/n']"
Samsung Smart TV UA65AU7002,10.990.000₫,4.4,41,"['Mình mới mua hôm nay nhug nhà mih có cái loa vi tính nhưng bh nó hỏg bluetooth r bh kết nối qua bằg cách cắp dây dc k nhỉ nếu dc thì vào dou ra sao/n', 'Tivi rất nét và hình ảnh rất đẹp.../n', 'Thật sự phải nói điện máy xanh bây giờ cực kỳ tệ, cực kỳ thất vọng khi gần 10 năm qua vẫn mua sản phẩm ủng hộ. Nhưng bây giờ Cskh bảo hành CỰC TỆ HẠI, ngày 26/4 có đánh giá có cskh gọi hỏi xong tới giờ chẳng thấy 1 ai xuống bảo hành hay ngó ngàng gì đến sản phẩm bán ra như thế nào, không bao giờ giớii thiệu hay ủng hộ nữa/n', 'Loa bị rè, cần tới kiểm tra/n', 'TV Samsung smart TV ua65au7002 sử dụng tốt, hình ảnh màu sắc tươi sáng đẹp,/n', 'Tv coi cũng đẹp. Chức năng cũng ổn so với mức giá. Thời gian lâu dài không biết ổn không./n', 'Đã sd rât ok ak/n', 'cũng được/n', 'Hiển thì rất đẹp rất sắc nét/n', 'Tạm ổn/n', 'Sau gần 1 năm từ khi mua thì tivi vẫn sử dụng tốt . Màu sắc tươi , rõ nét . Âm thanh rất ổn . Sẽ giới thiệu cho bạn bè , người thân/n', 'Sản phẩm và sự phục vụ rất tuyệt vời/n', 'Oki/n', 'Ok/n', 'Phục vụ tốt nhanh nhiệt tình/n', 'TV tot tromg tam giá/n', 'Ok rất tốt/n', 'Ok/n', 'Giá hợp lý hợp túi tiền/n', 'Good/n']"
Samsung Smart TV QLED QA50Q60C,12.290.000₫,4.2,12,"['Dùng 1 tháng hỏng màn hình. Không có lần thứ 2 sử dụng sp của DMX. CSKH quá tệ/n', 'Ok/n', 'Rất tuyệt/n', 'rõ sắc nét/n', 'Nhân viên bán hàng giới thiệu sản phẩm còn nhiều thiếu sót …chưa giới thiệu cặn kẽ cho khách hàng./n', 'sản phẩm tốt/n', '/n', '/n', '/n', '/n', '/n', '/n']"
Smart Tivi QLED 4K 43 inch Samsung QA43Q60C,12.700.000₫,4.2,13,"['Rất tốt/n', 'Sản phẩm sài tốt nhân viên hổ trợ nhiệt tình/n', 'Hình ảnh sắc nét. Vào mạng nhanh/n', 'Cơ bản Tivi xem tốt còn sử dụng cần thời gian mới/n', 'Rất tốt nhé/n', 'Giá cao so với chất lượng/n', 'xxxx959212 hanh/n', 'ok/n', '/n', '/n', '/n', '/n', '/n']"
Samsung Smart TV QLED QA75Q60C,27.400.000₫,4.5,4,"['Tí vi rất tốt rất hài lòng/n', 'Hàng OK em nhé/n', 'Chất lượng đi kèm bảo hành/n', '/n']"
Samsung Smart TV QLED QA43Q60B,12.400.000₫,4.3,44,"['Cảm thấy bị lừa vì bảo hành còn 23 tháng trong khi mua tivi mới/n', 'Ok/n', 'Tôi mới mua chưa đầy 1tháng nên chưa đánh giá được sản phẩm ạ/n', 'Hình ảnh sắc nét, độ bền cao nữa thì sp sẽ rất tốt/n', 'ty vi sem thật rõ ràng và đẹp đẽ về màu sắc chân thành cảm ơn/n', 'Tot/n', 'Tốt o/n', 'Rõ nét đẹp/n', 'Tốt/n', 'Hỏng điều khiển roi/n', 'Tốt/n', 'Màu chuân , dễ sử dung/n', 'Rất tôr và rõ đẹp/n', 'Máy sử dụng tốt. Ok/n', 'Sản phẩm và dịch vụ tốt nhưng gói quà tặng đi kèm không thực sự hấp dẫn. Các kênh truyền hình vip vẫn phải đăng ký ngoài./n', 'Ok shop/n', 'Nhân viên giao hàng nhanh, ti vi màu sáng, sắc nét thật./n', 'Rất tốt/n', 'Tư vấn nhiệt tình, hỗ trợ tốt/n', 'Màn hình rất đẹp,rõ nét/n']"
Samsung Smart TV QLED QA55Q60B,15.400.000₫,4.4,81,"['Quá tốt/n', 'Sản phẩm tốt. Nhân viên lắp đặt thân thiện nhiệt tình./n', 'Chất lượng tốt/n', 'Ok/n', 'Rất tốt/n', 'Hãng tivi Samsung và ĐMX rất tệ.Chính xách bảo hành không tốt, mua sản phẩm được 8 ngày báo lỗi thì phát hãng báo do ĐMX , ĐMX thì báo do khách hàng nên không đồng ý đổi mà lại thay linh kiện.À ươm hơn 1 tháng không xử lý được cho khách. Lắp đặt thì lệch nghiêng, nhân viên thái độ.Rất tệ./n', 'Tivi mẫu mã đẹp, chất lượng tốt/n', 'Mới dùng được hai tháng thấy cũng OK/n', 'Rất tốt/n', 'Rat hai lòng/n', 'Chất lượng ổn/n', 'Mới dùng nên chưa có thể nhận xét nhiều đc./n', 'Tốt/n', 'Ok/n', 'tốt/n', 'Ok/n', 'Very good/n', 'Cảm nhận tốt/n', 'Rat hài lòng./n', 'Xem nét sử dụng dễ/n']"
Samsung Smart TV Crystal UHD UA65BU8000,14.590.000₫,4.5,26,"['Quá ngon/n', 'Dùng được/n', 'Sản phẩm tốt/n', 'Mới dùng thấy rất OK tivi nét bắt mạng nhanh còn độ bền thì phải chờ thời gian/n', 'Tivi nét rất hài lòng/n', 'Tốt/n', 'Ok tốt/n', 'OK/n', 'Rât tôt/n', 'Tivi hình ảnh đẹp , sắc nét dùng mượt mà/n', 'Dùng ổn định và nét mượt/n', '❤️❤️❤️❤️❤️/n', 'Oke/n', 'Rất tốt/n', 'tốt/n', 'Độ sắc nét bình thường Màu sắc hơi đậm Âm thanh bình thường Giá rẻ nên ko đòi hỏi nhiều/n', 'Ok/n', 'Được/n', '/n', '/n']"
Samsung Smart TV UA50CU8000,12.400.000₫,4.1,14,"['Dùng ok/n', 'Hàng tệ nhen, chân cao chân thấp, bảo hành thì lằng nhằng ko muốn làm, nên tránh cái/n', 'Ok/n', 'Màu sắc đẹp. Bắt sóng wifi cực tốt. Hài lòng/n', 'Tu ngay lập dat mấy tôi nay bị lỗi mạng hình 3 lần rồi/n', 'hình ảnh chân thật, phần mầu chưa tốt lắm, hài lòng/n', 'Tv này hình ảnh tương đ ối nét.hình ảnh đẹp nhưng người lớn tuổi sử dụng hơi khó/n', '/n', '/n', '/n', '/n', '/n', '/n', '/n']"
Samsung Smart TV QLED QA55Q70C,14.990.000₫,4.7,9,"['Chất lượng tốt, nhân viên giao lăp hỗ trợ nhiệt tình/n', 'Tivi xài tốt/n', 'Tivi xem rất thích, hình ảnh âm thanh đều ổn,/n', 'Chất lượng xịn lắm nha, nét căng. mới lắp hôm nay, sẽ đánh giá chất lượng sau/n', '/n', '/n', '/n', '/n', '/n']"
Samsung Smart TV QLED Khung tranh QA55LS03B,23.900.000₫,4.4,23,"['Rất hài lòng/n', 'Tivi của mình nhận giọng nói kg đc và có nhiều kênh coi kg rõ/n', 'Ti vi đẹp/n', 'Rất hài lòng/n', 'Am thanh . Hình ảnh ko đẹp/n', 'OK/n', 'rất hài lòng/n', 'Tvi kiễu dang lạ dán sát tường tiện ích thễ hiện tranh sõng động do có độ sáng vừa trong không bị chói mắt/n', 'Tv đẹp chuẩn/n', 'Rất hài lòng/n', 'Treo ở nhà như bức tranh. Đẹp!/n', 'Hình ảnh chân thật, cực thông minh, âm thanh cực hay/n', 'Rất ưng ý nhe, bthuong ko sử dụng nhìn như bức tranh trang trí , còn khi sử dụng nghe nhạc rất hay luôn/n', 'Dùng cũng tốt/n', 'Ti vi cũng bình thường. Trải nghiệm được chức năng khung tranh. Nhưng remote sạc bằng năng lượng mặt trời chất lượng quá tệ/n', '/n', '/n', '/n', '/n', '/n']"
Samsung Smart TV QLED QA65Q60B,14.990.000₫,4.3,64,"['./n', 'Quá ức chế hỏng điều khiển đem đi bảo hành nói rõ tình trạnh là sạc k vào và giọng nói bị sai đợi hơn tuần bảo ra lấy về sạc vẫn không vào dịch vụ vô trách nhiệm chứ tận tâm cái gì.Hết quạt trần giờ lại đến tv quá mệt mỏi với điện máy xxanh rồi/n', 'Có cái wifi kết nối ko dc hẹn mấy tiếng mới giải quyết./n', 'Nét tốt/n', 'TV giá tốt xem bóng chuyền tuyệt vời/n', 'Sản phẩm dùng rất tốt/n', 'Tivi dùng tốt ,hình ảnh nét/n', 'Ok/n', 'Ok/n', 'Ok/n', 'Tivi dùng ok/n', 'Tốt ok/n', 'OK/n', 'Rất tệ. Ngày 17/6/2023 mới giao TV cho mình ở Tiền Giang. Đến nay 07/07/2023 đã bị sọc hồng. Đã gọi lên tổng đài DMX hẹn 3h sau sẽ giải quyết./n', 'Màn hình QLed chân thậc/n', 'Tv quá đẹp/n', 'Hình không đẹp/n', 'Phục vụ tốt chu đáo/n', 'Sản phẩm rất chất lượng/n', 'Tivi đẹp..nhân viên lắp đặt nhiệt tình./n']"
Samsung Smart TV QLED QA75Q65A,23.900.000₫,4.6,25,"['Tivi đẹp, giá cả hợp lý bền nữa là OK/n', 'Cảm ơn/n', 'Ok/n', 'Ok/n', 'Hình ảnh tốt, bộ xử lý mạnh mẻ,đầy đủ các app giải trí ..../n', 'Tốt/n', 'TV sử dụng bình thường, dùng quen rồi, màu sắc hình ảnh bình thường vẫn vậy, có 1 2 hôm mở lên thì hơi bị nhiễu, nhảy nhảy hình ảnh, tắt rồi bật lại thì hết, âm thanh rõ, thiết kế cũng đẹp, sẵn sàng giới thiệu sản phẩm/n', 'sản phẩm nói chung là được, sử dụng tốt, màu sắc hình ảnh đẹp được, âm thanh rõ, sử dụng mượt ổn định, thiết kế đẹp, sẵn sàng giới thiệu sản phẩm/n', 'sản phẩm xài cũng bình thường tốt, màu sắc hình ảnh hiện tại sắc nét đẹp, âm thanh rõ, được tốt, hoạt động nói chung là tốt, thiết kế đẹp, sẵn sàng giới thiệu sản phẩm/n', 'sản phẩm xài được tốt, lúc mới mua bấm thì nhạy còn hiện tại thì không được nhạy lắm, màu sắc hình ảnh đẹp, âm thanh được to, hoạt động mượt, thiết kế đẹp nhưng cái chân thì không được đẹp lắm, nên đổi sang loại chân 2 bên thì đẹp hơn chân giữa, sẵn sàng giới thiệu sản phẩm/n', 'sản phẩm ok, màu sắc hình ảnh được, âm thanh ok, hoạt động mượt được không có vẫn đề gì, thiết kế được đẹp, sẵn sàng giới thiệu sản phẩm/n', 'sản phẩm ok, hiện tại vẫn ok còn sau này thì chưa biết, màu sắc hình ảnh cũng giống như ban đầu thôi chưa có gì thay đổi, TV sử dụng mượt, âm thanh ok, thiết kế cũng giống những máy khác, được, sẵn sàng giới thiệu sản phẩm/n', 'sản phẩm tốt, màu sắc hình ảnh tốt, âm thanh tốt, hoạt động không có vẫn đề gì, thiết kế đẹp, sẵn sàng giới thiệu sản phẩm/n', 'TV đang sử dụng thì tự nhiên tắt ngang, hoặc bị đứng màn hình, màu sắc hình ảnh cũng được, đẹp, âm thanh nghe nhỏ quá, sử dụng tương đối mượt mà, thiết kế đẹp nhưng cái phần viền màn hình nhìn giống như bị hở, sẵn sàng giới thiệu sản phẩm/n', 'sản phẩm mới dùng bình thường, màu sắc hình ảnh nói chung thì ok, âm thanh nghe rõ mà hơi nhỏ, sử dụng nói chung là mượt, thiết kế cũng ok, sẵn sàng giới thiệu sản phẩm/n', 'sản phẩm nói chung thì hiện tại vẫn chưa có gì, vẫn tốt, màu sắc hình ảnh được tốt, âm thanh được, sử dụng mượt bình thường, sẵn sàng giới thiệu sản phẩm/n', 'sản phẩm nói chung là tốt, chưa có gì, màu sắc hình ảnh cũng được, âm thanh rõ, sử dụng mượt, bình thường, thiết kế tạm ổn, sẵn sàng giới thiệu sản phẩm/n', 'sản phẩm dùng tốt không có gì, màu sắc hình ảnh đẹp, âm thanh rõ, thiết kế đẹp, sẵn sàng giới thiệu sản phẩm, sử dụng mượt/n', 'sản phẩm dùng tiện lợi, màu sắc hình ảnh cũng đẹp, âm thanh nghe rõ, chạy mượt mà, thiết kế cũng đẹp, viền mỏng, sẵn sàng giới thiệu sản phẩm/n', 'sản phẩm cũng bình thường, màu sắc hình ảnh nói chung thì cho mấy đứa nhỏ sử dụng chứ mình cũng không để ý, âm thanh cũng được, sử dụng cũng ổn mượt không có gì, thiết kế mỗi sản phẩm sẽ có cái khác nhau nên không đánh giá được, sẵn sàng giới thiệu sản phẩm/n']"
Samsung Smart TV Crystal UHD UA50BU8000,11.900.000₫,4.2,34,"['Rất tôt tivi xem nét ổn định wifi ./n', 'Băt wifi yếu/n', 'Siêu nhanh hết pin. Ngày đầu mua điều khiển còn dùng đc 3 ngày. Những ngày sau hnao cũng phải sạc 1-2 lần. Mặc dù tần suất vs thời gian dùng cực kì ít 🤯/n', 'Ok.tạm ổn để xem thêm một thời gian/n', 'Hình ảnh tốt/n', 'Sản phẩm tốt/n', 'tot/n', 'Rất tốt/n', 'Màu sắc hình ảnh đẹp/n', 'Mới sử dụng nên ti vi hoạt động thấy rất ổn👍/n', 'Rất ok/n', 'Rất tốt/n', 'Tivi/n', 'Sp rất tốt/n', 'Tốt/n', 'Điều khiển hết điện quá nhanh, mới mua được hơn 1 tháng mà ngày nào cũng phải nạp/n', 'tốt/n', '/n', '/n', '/n']"
Samsung Smart TV UA32T4300,6.400.000₫,4.0,65,"['Ti vi bị hư màn hình xài phí tiền mau hỏng/n', 'Âm thanh hơi nhỏ./n', 'Hình ảnh sắt nét dễ sử dụng/n', 'OK tốt/n', 'Lúc giao tivi mới mạch lcd bị trắng 4 viền và sọc nền panel kỹ thuật thấy cũng ko báo khách để nhận xong qua làm biên bản xác định lỗi 3 ngày hãng bảo gọi mà ko liên lạc được. Dù cả ngày ko thấy cuộc gọi nhỡ nào./n', 'Tôi rất không hài lòng với sản phẩm sản phẩm này. Vì vừa mua được vài ngày đã chết màn hình. Lần sau Tôi không biết tin vào đâu nữa./n', 'Sản phẩm tốt/n', 'Tốt/n', 'Rất tốt/n', 'Sản phẩm đẹp phù hợp túi tiền, nhược điểm là ko có điều khiển giọng nói hơi bất tiện xíu/n', '- tv tốt , nhân viên tư vấn nhiệt tình , thợ lắp tv rất thân thiện , vô cùng hài lòng/n', 'Sản phẩm không như mong đợi./n', 'Màu sắc đều đẹp/n', 'Giá rẻ dùng tốt/n', 'Đẹp, giá cả hợp lý/n', 'Tv xài ok.nhân viên giao hàng bảo trì nhiệt tình.tks/n', 'Tôi rất hài lòng....Ngày Lễ 2- 9....nhân viên nhiệt tình giao Tivi mới ngay...kg để tôi phải chờ đợi....thanks....tất cả/n', 'âm thanh hơi nhỏ. Tivi bắt wifi nhanh/n', 'tivi sử dụng tốt/n', 'sản phẩm tốt/n']"
Samsung Smart TV Crystal UHD UA50BU8500,13.900.000₫,4.6,23,"['mình dùng mới đc 9 tháng thì màn bị kẻ ngang. gọi tổng đài bảo hành nhiều mà chưa đc/n', 'Không sử dung youtube đuoc điều khiển bang âm thanh/n', 'Rất thích/n', 'Sản phẩm dùng rất tốt/n', 'Sản phẩm tốt/n', 'Sản phẩm tốt/n', 'Tốt/n', 'Rất tốt/n', 'Khuyến mại lớn nên mua .ngon bổ rẻ/n', 'Sản phẩm rất tốt/n', 'Ok/n', 'Tốt/n', 'Hình ảnh rất đẹp/n', 'OK/n', 'Ok/n', 'Ok👌👌👌/n', 'Sản phẩm tốt/n', 'Tivi mẫu mới hình ảnh sắc nét.tại mới mua chưa biết kết quả ntn.mà có 1đều là 50 inch so với sonny 48 inch cái củ ở nhà còn nhỏ hơn nữa/n', '/n', '/n']"
Samsung Smart TV QLED QA85Q60B,29.990.000₫,4.6,14,"['Tivi đẹp, hoạt động mượt/n', 'Tốt/n', 'rất tuyệt vời. Nhân viên lắp đặt nhanh nhẹn, tư vấn nhiệt tình/n', 'Sản phẩm tốt/n', 'Tv mượt. Màn hình to coi sướng/n', 'Đẹp , sắc nét , sống động./n', 'Tốt/n', 'Sử dụng rất tốt/n', 'Ok/n', '😊/n', 'mới mua được 1 tuần , rớt giá còn tặng máy giặt Ôi đau quá đa/n', '/n', '/n', '/n']"
Samsung Smart TV QLED QA75Q60B,23.490.000₫,4.7,21,"['Very good/n', 'Hiện tại tốt/n', 'Rất tốt. Nhân viên de thương/n', 'Ok/n', 'Tivi rất tốt.nhân viên giao hàng vui ve/n', 'Sản phẩm dùng rất tốt. Nhân viên phục vụ tận tình/n', 'Giao hàng nhanh, bv nhiệt tình/n', 'Tivi samsung QLED 75inch mẫu 2022 thiết kế mẫu đẹp sang trọng viền siêu mỏng.chất lượng thì sau thời gian sử dụng mới biết được ntn/n', 'Chất lượng tivi tốt, chất lượng phục vụ càng tốt hơn./n', 'Lâm hồng hưng/n', 'Rất tốt/n', '/n', '/n', '/n', '/n', '/n', '/n', '/n', '/n', '/n']"
Samsung Smart TV QLED QA75Q80C,45.900.000₫,4,5,"['Màn hình ti vi toả nhiệt rất là nóng nhưng kỹ thuật lại báo bình thường./n', '/n', '/n', '/n', '/n']"
Samsung Smart TV UA32T4500,6.900.000₫,4.3,101,"['Ti vi sử dụng ổn nhà mọi người/n', 'Nhìn chung tivi ổn trong tầm giá , chế độ bảo hành nên hơn 1 tháng thì tốt hơn nhiều/n', 'Tôi mua online săn giá ưu đãi, phát hiện tivi bị lỗi liền liên hệ tổng đài, bảo hành đến kiểm tra xong hẹn đổi máy mới, đến hẹn lại nói không có hàng. Yêu cầu ra cửa hàng gần nhất để thương lượng đổi máy mới, quản lý cửa hàng yêu cầu khách hàng tự liên hệ tổng đài giải quyết, không đứng ra phục vụ khách hàng, đùng đẩy trách nhiệm cho nhau. Nản. Còn nói Chị mua online là mua hàng tồn WHAT. Mong Điện máy xanh đổi máy cho tôi đúng như đã hẹn./n', 'Tốt trong tầm giá, hình ảnh rõ, âm thanh lớn. Nên mua. Đủ tài chính nên mua 43inch trở lên/n', 'Ok/n', 'Anh nhân viên mang nhầm mẫu tv trưng bày nhưng anh rất nhiệt tình dù trời tối đã trễ đã chạy lên lại và chạy xuống giao tận nhà rất hài lòng trước chính sách điện máy xanh và sẽ ủng hộ nhiều sản phẩm/n', 'Ok..ổn/n', 'Mới mà admin ơi. Tạm ổn tới giờ này. Tks bạn/n', 'Thấy tạm ổn/n', 'Sản phẩm tốt nhân viên tư vấn nhiệt tình vui vẻ/n', 'Ok/n', 'Rất hài lòng về sp này. Nhân viên cải đặt tận tình. Rất cảm ơn/n', 'Hoạt động mượt mà, nhận giọng nói tốt, màu sắc đẹp. Nói chung là ok!/n', 'Hiển thị chậm./n', 'Tốt/n', 'Sản phẩm ok/n', 'Giao hàng đúng hẹn, nhân viên nhiệt tình/n', 'Cũng được OK/n', 'Tốt/n', 'Ok/n']"
Samsung Smart TV UA43T6500,8.400.000₫,4.1,48,"['Hiện tại thì oke lâu dài k biết có bền k/n', 'Rất OK nhe/n', 'Tuyệt vời/n', 'sản phẩm tốt xài ổn/n', 'Sản phẩm ok/n', 'Chào ĐMX Hiện tại tivi Sam Sung mình bị hỏng hơn 2 tuần rồi mà vẫn chưa được xử lý mặc dù đã thông báo gọi điện và gửi tin nhắn trang Zalo và trang đánh giá sản phẩm. Nhưng tới thời điểm hiện tại cái mình nhận được kết quả bằng 0 tại sao mình nói như vậy là có lý do tivi Sam Sung của mình hỏng hơn 2 tuần rồi mình cũng gọi điện báo lên tổng đài đmx nhắn tin thông báo qua Zalo và trang khiếu nại nữa đều có nhiên viên liên hệ nhận thông tin và hướng sẽ làm việc với Sam Sung sớm cho trường hợp này. Mình chờ mỏi mòn và nhận lại cái feedback của nhân viên kỹ thuật Sam Sung báo rằng tivi anh hết hạn bảo hành ngày 30.06.2023 tôi nói ngày 30.06.2023 là ngày đmx giao hàng và gửi tôi file đính kèm bên dưới là thông tin đmx gửi cho Sam Sung. Tôi không hiểu luôn trên trang web đmx ghi bảo hành 1 tháng đối với hàng trưng bày tuy nhiên trong phiếu bảo hành ghi 1 ngày là sao Tôi không hiểu Hy vọng trong hôm nay tôi sẽ trực điện thoại chờ nhân viên đmx liên hệ và xử lý dứt điểm trường hợp này. Vì tôi mất quá nhiều thời gian vào cái mà đối với tôi cực kỳ basical.Tôi sử dụng 2 sdt xxxx121143 xxxx838936Thanks/n', 'Mới dùng thấy khá ok/n', 'Tốt/n', 'Sp tốt./n', 'Tốt/n', 'Hình ảnh âm thanh đạt yêu cầu/n', 'Nhân viên phục vụ quá tốt, tận tâm!/n', 'Ok/n', 'Máy chạy mượt , ngon/n', 'Chức năng mượt. Ok/n', 'Ok/n', 'Rất tuyệt vời. Sản phẩm chất lượng/n', 'Tạm được thôi/n', 'Tv dòng này ace mình đừng mua nhé vô app mp3 nó bị đứng hình như ảnh nhé/n', 'H/n']"
Samsung Smart TV QLED QA65QN90B,44.900.000₫,4,11,"['Dien máy xanh đánh mất lòng tin của khách hành. Tôi mua sản phẩm tv QA65QN90B hàng mới nhưng ĐMX lại bản cho tôi tv cũ Vậy tôi đề Nghị ĐMX Có lời giải thích và bồi thường lại cho tôi theo Thoa thuan mua bán giữa tôi và ĐMX/n', 'Bình thường/n', 'Rat tot/n', 'Sản phẩm rất tốt và đẹp/n', 'Tivi dễ sử dụng, chất luoengj hình ảnh đẹp nét/n', 'Thực ra cũng ổn nhung khi mới mua về không có sách hướng dẫn điều chỉnh nên màu kg đẹp và kỹ thuật chỉnh chưa tối ưu . Nếu muốn hài lòng thì phải mất cả tháng mầy mò mới chỉnh được theo ý muốn được/n', 'Rất tốt/n', 'Màu sắc đẹp rõ nét/n', 'Sp tốt/n', '/n', '/n']"
Samsung Smart TV QLED Khung tranh QA65LS03B,29.900.000₫,4.5,11,"['Ti vi OK chất lượng hình ảnh tốt/n', 'Tivi bước đầu xài ổn rất tốt hy vọng sẽ ủng hộ Điện Máy Xanh nhiều mặt hàng khác nữa/n', 'Giới thiếu bạn bè sử dụng/n', 'Đẹp như tranh/n', 'Tuyệt/n', 'Rất đỉnh/n', 'Nv chưa cài mấy gói dvu dc tặng miễn phí/n', 'Quá ok/n', 'Tv săc net, am thanh hay/n', '/n', '/n']"
Samsung Smart TV QLED Khung tranh QA50LS03B,12.990.000₫,4.3,10,"['ok/n', 'ok/n', '😅😅😅/n', 'Sp ok/n', 'Tắt tivi hơi lâu/n', 'Good/n', 'Dmart Tivi khung Tranh màu sắc rất đẹp rỏ nét âm thanh tốt vào mạng rất nhanh/n', '/n', '/n', '/n']"
Samsung Smart TV QLED QA50Q60B,14.400.000₫,4.2,29,"['Phần nhận dạng tiếng nói bằng tiếng việt của bixby chưa chuẩn lắm./n', 'Quá tuyệt/n', 'Tư vấn hướng dẫn nhiệt tình/n', 'Tôi rất hài lòng/n', 'Chất lượng tốt, hình ảnh sắc nét màu sắc đẹp, kiểu dáng hiện đại nói chung là tốt./n', 'Xem hình màu ko đẹp/n', 'Sp ok/n', 'Hài lòng về sp/n', 'Ok/n', 'Hình ảnh rất OK/n', 'Rất tiểc... Sau khi xem 30 phút, tôi phải trả lại. Vì hình ảnh... Đã phải chịu mất phí 20% = 2.940.000/n', 'Tivi của tôi không cập nhật được phần mềm. Xin được hỗ trợ/n', 'hài lòng/n', 'Tốt/n', 'Tốt/n', 'Mới dùng nên chưa trải nghiệm hết được các chức năng. Màn hình sắc nét, âm thanh hơi nhỏ./n', '/n', '/n', '/n', '/n']"
Samsung Smart TV UA50AU7002,9.400.000₫,3.9,62,"['tivi đang gặp vấn đề lỗi màn hình/n', 'Không bền nhanh hỏng màn hình, đã phải thay màn hình/n', 'Xài được một năm thì bị sọc. Thất vọng/n', 'ok/n', 'Vừa mới đánh giá tốt xong thì màn bị sọc. Liên hệ bảo hành và được đổi qua cái khác. Hẹn giao trong 24h tiếp theo.Hãng lớn tivi hiện đại vậy mà sọc màn hình dễ dàng quá. Hơi thất vọng./n', 'Tốt./n', 'Tốt/n', 'Tốt/n', 'rat tot ak .nhiet tinh sp ok lắm ak/n', 'Mua từ 16/1/2023 chưa đc 1 năm đã đen xì màn hình rồi/n', 'Sản phẩm tốt/n', 'Ok/n', 'Mới mua đc 2 tháng đã nhảy loạn lên/n', 'ổn/n', 'Tốt/n', 'Hài lòng/n', 'Chiếc ti vi này tôi vừa mua xong đã xuất hiện mành mành trên màn hình rồi,tôi yêu cầu đổi ti vi khác./n', 'Màu sắc chói quá quá/n', 'Sản phẩm bình thường/n', 'Hình đẹp, âm thanh tốt. Ngon, bổ, rẻ, đáng đồng tiền/n']"
Samsung Smart TV QLED QA55Q80C,21.490.000₫,4.2,5,"['Hình ảnh, màu sắc nét/n', 'Hài lòng/n', '/n', '/n', '/n']"
Samsung Smart TV QLED QA75QN85B,46.790.000₫,5,4,"['ok/n', 'Nhân viên nhiệt tình, chất lượng sản phẩm tốt/n', 'Sản phẩm rất tốt dao hàng nhanh nhân viên nhiệt tình/n', '/n']"
Samsung Smart TV QLED QA55Q70B,18.900.000₫,4.4,24,"['Rất tốt ok nha/n', 'Sản phẩm cao cấp mà giá hợp lý hình ảnh đẹp màu sắc rất đẹp mọi chức năng sử dụng chi khoa học tiện lợi dễ dùng nói chung là nên mua/n', 'Tôi mua người giao hàng đến lắp ko thấy có tem điện máy xanh trên góc màn hình nhỉ, xem hơn tháng thấy rất lóa mắt/n', 'Tốt/n', 'Tốt/n', 'Dịch vụ tôt/n', 'Tốt/n', 'Giọng nói rất chậm. Và thường không tìm thấy/n', 'Sp tốt/n', 'Tôi đánh giá vừa lòng/n', 'Tốt/n', 'Sp dùng ok/n', 'Hình ảnh mờ , lem/n', 'tốt/n', 'Tôi thấy Sản phẩm dùng tốt/n', 'Tốt/n', '/n', '/n', '/n', '/n']"
Samsung Smart TV Crystal UHD UA85BU8000,36.890.000₫,4.7,10,"['Đẹp. Giao nhanh/n', 'Ok/n', 'Tốt/n', 'Chất lượng tốt/n', 'ok/n', 'Dùng ổn/n', 'Hình ảnh sắc nết. Kết nối Hdmi không dây điều OK. Khi nào có tài chính sẽ săm thêm 1 cái nữa. Cho đủ bộ/n', 'Tốt. Xài ổn đinh. Hình ảnh sắc nét/n', '/n', '/n']"
Samsung Smart TV QLED QA55QN90B,34.900.000₫,4.4,12,"['Tot/n', 'Màn hình đẹp. Dùng xem phim rất thích. Tạm thời khá hài lòng./n', 'Tivi sắc nét, độ phân giải cao, led tốt , phù hợp với giá tiền/n', 'Công tác phục vụ rứt tốt/n', 'Rất tốt/n', 'Ok/n', '/n', '/n', '/n', '/n', '/n', '/n']"
Samsung Smart TV QLED QA85QN85B,66.700.000₫,4.7,6,"['Toi Tôi cảm thấy máy hoạt động rất tốt/n', 'Tốt/n', 'Tôt, đẹp/n', 'Sản phẩm tuyệt vời/n', '/n', '/n']"
Samsung Smart TV QLED QA55QN85B,29.900.000₫,4.7,25,"['Tivi to đẹp, hình ảnh rỏ nét, âm thanh hay. Mua được với giá tốt, được tặng gói vieon vip 6 th xem được nhiều chương trình. Nhân viên giao hàng nhiệt tình hướng dẫn chu đáo. Rất hài lòng. Giờ đợi thời gian xem tivi có tốt không/n', 'Tốt/n', 'Rất tốt màn hình đẹp/n', 'Mới dùng. Cảm thấy rất tốt chưa biết về sau thế nào/n', 'Đã sử dụng được vài tháng, đến giờ vẫn ổn. Chất lượng âm thanh và hình ảnh tốt. Từ ich vụ tư vấn, giới thiệu DMX Le Hong Phong VTau đến giao và chăm sóc khách hàng DMX chuyên nghiệp./n', 'Rất tốt/n', 'Ti vi xem chất lượng hình ảnh âm thanh tốt riêng về màn hình quá nhanh hỏng và lỗi/n', 'Ok/n', 'Rất tốt/n', 'Độ tương phản đep, âm thanh hay, màu sắc nét/n', 'Sản phẩm này sử dụng tốt!/n', 'Tôi mua Tivi Neo QLED 4k 55inch Sámung QA55QN858 tôi Sài OK/n', 'Tốt/n', 'Sản phẩm dùng quá tuyệ vời/n', 'Sản phẩm rất tốt. Hài lòng/n', 'Tivi sài ok lắm loa rất to màn hình chất lượng tốt viền mỏng nhanh mượt, bị lỗi remove nhưng được hãng đổi cái mới. Không hài lòng về khung treo/n', '/n', '/n', '/n', '/n']"
Samsung Smart TV QLED QA55Q80B,23.400.000₫,3.8,32,"['Tivi mua về dùng 1 tuần lỗi quá nhiều. Sản phẩm còn trong box mà bụi lọt vào trắng xóa. Remote mất tín hiệu, tivi vào các app xem đc 1 lúc liên tục bị out ra tự nhiên tắt phụt r khởi động lại rất khó chịu yêu cầu DMX đổi sp khác, tôi mua tivi để Tết cả gia đình có cái xem chứ không phải mua cái bực mình. Bán hàng từ cái tâm chứ không phải sale xuống r bán hàng rỏm ntn. Bán hàng sale giá vẫn còn cao hơn các nơi khác tôi vẫn tin tưởng mua ở DMX vì nghĩ đây là nơi uy tín. Yêu cầu DMX mau giải quyết để GĐ tôi có tivi mới yên tâm xem Tết./n', 'Mình thấy tivi dùng 1 tháng kết nối wifi ko ổn định, cứ thi thoảng ít thôi lúc tắt đi bật lên thì mất kết nối wifi/n', 'Chất lượng sp tệ xài 12t hư màn hình . Dmx k hổ trợ ,nvbh hẹn 3/10 trả lời khách hàng nhưng đến nay t chưa nhận đc cuộc gọi. Chỉ biết hẹn và hẹn , hẹn 5 lần 7luọt k giải quyết./n', 'Hình ảnh gương mặt giả tạo không sâc nét/n', 'toi cam thay rat hai long ,nhung quang cao qua nhieu ,co cach nao chan bot duoc khong ??/n', 'hiện tại ổn/n', 'Tốt/n', 'Tốt/n', 'Đẹp , rổ nét , âm thanh hay/n', 'Ok tạm ổn trong tầm giá/n', 'Hình ảnh rất đẹp âm thanh tuyệt vời/n', 'Tốt/n', 'Tôi mới mua TV này tháng 01/2023. Nhưng nay lại bị hư remote, bấm không ăn, sạc pin không vào. Coi như cái TV thành 1 cục gạch. Đem ra cửa hàng thì nhân viên báo gửi về hãng bảo hành, thời gian bh 7-15 ngày và có thể 30 ngày nếu thiếu linh kiện. Tôi có hỏi trong thời gian chờ thì cửa hàng có remote khác để tôi sd tạm trong thời gian chờ không!? Thì nhận được câu trả lời là KHÔNG và TÔI PHẢI BỎ RA 80 NGHÌN ĐỂ MUA 1 CÁI REMOTE XÀI TẠM. Vậy sẽ ra sao nếu tôi không chịu bỏ tiền mua remote tạm, gia đình tôi phải ngồi xung quanh nhìn 1 cái màn hình đen thui ở giữa nhà à!? Vỗ tay cho cách phục vụ của các bạn, đây sẽ là lần cuối cùng tôi mua hàng ở ĐMX./n', 'Tốt/n', 'Khi thay đổi app xem thỉnh thoảng bị đứng, cần tắt đi mở lại/n', 'sản phẩm tốt/n', 'Sản phẩm ok/n', 'Oke/n', 'rất ok/n', 'Ok/n']"
Samsung Smart TV Crystal UHD UA55AU8100,11.200.000₫,4.4,396,"['Tivi em bị sọc giữa màn hình khônh biết có được bảo hành không ạ/n', 'Mua về chưa gì đã hư hỏng điều khiển tivi,báo lên thì gọi người này người kia giải quyết,cuối cùng 2 tuần chưa có điều khiển tivi mà chưa ai giải quyết luôn,còn đồi bán cho điều khiển tivi mới nữa chứ,quá tệ cho một hệ thống lớn,bán hàng mà có cái điều khiển tivi ko giải quyết đc thì hỏi khách hàng có tin tưởng để mua nữa ko,lần đâu mua onl quá thất vọng về cách xử lý khi hàng giao cho khách chưa dùng đã bị hư và hình như còn ko chịu trách nhiệm và ko xử lý cho khách,rất chán nản./n', 'Tivi mua ngày 3/5/2023 mà dừ điều khiển tivi bị hư có được bảo hành không ạ/n', 'Ok/n', 'Tôt/n', 'Nên mua nha mọi người , sản phẩm rất ok, nhân viên rất nhiệt tình, nhưng mình quên chụp ảnh lại,/n', 'Hài lòng/n', 'Vẫn ổn/n', 'Mình cần kết nối với FPT mà chưa kết nối được/n', 'Rất tệ/n', 'Dung ok/n', 'Sản phẩm rất đáng mua/n', 'Điều khiển giọng nói không được,/n', 'Nhân viên lắp đặt nhiệt tình/n', 'Hinh anh va âm thanh đep vơi tâm gia nay./n', 'TV rẻ và dùng tốt/n', 'Ok/n', 'mới mua ngày thứ 2 đã bị lỗi không mở màn hình được./n', 'Hiện tại rất tốt/n', 'Ngon lành/n']"
Samsung Smart TV QLED QA65Q80B,27.900.000₫,4.5,8,"['OK tivi xem rất tốt/n', 'Tốt/n', 'Rất tốt/n', 'Chuẫn/n', '/n', '/n', '/n', '/n']"
