Comment,giaodien,manhinh,amthanh,tinhnang,dichvu,giaca,tongthe
HÃ¬nh áº£nh nÃ©t,,,,,,,
cháº¥t lÆ°á»£ng tá»‘t,,,,,,,
Sá»­ dá»¥ng tá»‘t áº¡,,,,,,,
Ok,,,,,,,
Má»›i láº¯p Ä‘áº·t ngÃ y 07.03.2024. Máº«u mÃ£ Ä‘áº¹p sang trá»ng. HÃ¬nh áº£nh Ä‘áº¹p sáº¯c nÃ©t. NhÃ¢n viÃªn vui váº» nhiá»‡t tÃ¬nh tÆ° váº¥n sá»­ dá»¥ng sáº£n pháº©m.,,,,,,,
Oke,,,,,,,
Hiá»‡n táº¡i dÃ¹ng á»•,,,,,,,
chÆ°a tháº¥y lá»—i gÃ¬,,,,,,,
Tivi mua 2 thÃ¡ng,,,,,,,
mÃ n phÃ­a trong mÃ u tráº¯ng tá»± nhiÃªn bá»‹ ná»©t xÆ°á»›c Ä‘Æ°á»ng chÃ©o mÃ n hÃ¬nh . Gá»i báº£o hÃ nh,,,,,,,
xuÃ´ng kiá»ƒm tra xong bÃ¡o k chá»‹u báº£o hÃ nh váº¿t xÆ°á»›c Ä‘Ã³ . Trong khi cÃ¡i mÃ n nÃ³ náº±m phÃ­a trong giá»¯a tivi thÃ¬ lÃ m sao cÃ³ ai Ä‘á»¥ng cháº¡m hay tÃ¡c Ä‘á»™ng vÃ o Ä‘Æ°á»£c . Tivi má»›i mua 2 thÃ¡ng cÅ©ng it sá»­ dá»¥ng mÃ  bá»‹ nhÆ° váº­y gá»i báº£o hÃ nh láº¡i k cháº¥p nháº­n . Táº¿t nháº¥t tá»›i nÆ¡i mÃ  chÃ¡n cháº£ buá»“n nÃ³i,,,,,,,
Ti vi Ä‘áº¹p nhÆ°ng pháº§n tÃ¬m kiáº¿m há»— trá»£ giá»ng nÃ³i quÃ¡ chÃ¡n. HÃ¬nh nhÆ° khÃ´ng thá»ƒ sá»­ dá»¥ng Ä‘Æ°á»£c. NÃªn cÃ³ ngÆ°á»i muá»‘n mua sáº£n pháº©m cá»§a sam sung cÅ©ng khÃ´ng dÃ¡m giá»›i thiá»‡u cho báº¡n bÃ¨,,,,,,,
Sai tÃ´t áº¡,,,,,,,
Äáº¹p hÃ¬nh áº£nh sáº¯c nÃ©t,,,,,,,
Ráº¥t tot,,,,,,,
HÃ i LÃ²ng.,,,,,,,
Hiá»‡n chÆ°a káº¿t ná»‘i Ä‘Æ°á»£c K+ quÃ  táº·ng,,,,,,,
Ok,,,,,,,
Ti vi dÃ¹ng ok láº¯m nha,,,,,,,
ok,,,,,,,
Ok tivi tá»‘t,,,,,,,
Sáº£n pháº©m dÃ¹ng khÃ¡ tá»‘t,,,,,,,
Ok,,,,,,,
Sáº£n pháº©m ok . Giao hÃ ng nhanh,,,,,,,
thÃ¡i Ä‘á»™ cá»§a nhÃ¢n viÃªn nhiá»‡t tÃ¬nh.,,,,,,,
Tivi hay bá»‹ lá»—i káº¿t ná»‘i máº¡nh wifi. Trong khi máº¡ng wifi sá»­ dá»¥ng bÃ¬nh thÆ°á»ng cho cÃ¡c thiáº¿t bá»‹ khÃ¡c,,,,,,,
Ti vi sá»­ dá»¥ng ráº¥t tá»‘t trong táº§m giÃ¡.,,,,,,,
Ráº» Ä‘áº¹p nÃ³i chung vá»›i giÃ¡ tiá»n nÃ y lÃ  ngon rá»“i Tiáº¿c lÃ  muá»‘n láº¯p treo tÆ°á»ng pháº£i thÃªm phÃ­,,,,,,,
Tá»‘t,,,,,,,
"Phá»¥c vá»¥ ráº¥t nhanh,chu Ä‘Ã¡o",,,,,,,
giÃ¡ giáº£m 8.3tr quÃ¡ há»£p lÃ­,,,,,,,
Ráº¥t tá»‘t,,,,,,,
Phá»¥c vá»¥ chu Ä‘Ã¡o,,,,,,,
Cáº£m Æ¡,,,,,,,
QuÃ¡ ok cÃ¹ng loa thanh samsung C450,,,,,,,
Ok,,,,,,,
Ok,,,,,,,
Tá»‘t. Moi ng nen mua,,,,,,,
Tá»‘t,,,,,,,
Tv Ä‘áº¹p,,,,,,,
Tv ok,,,,,,,
Ok,,,,,,,
Tot,,,,,,,
cÃ³ ai cÃ­u em,,,,,,,
Ä‘iá»u khiá»ƒn háº¿t pin,,,,,,,
e láº­t ngÆ°á»£c láº¡i bá» dÆ°á»›i bÃ³ng Ä‘Ã¨n nhÃ  nhÆ°ng khÃ´ng kháº£ thi,,,,,,,
dÃ¢y sáº¡c thÃ¬ khÃ´ng cÃ³,,,,,,,
giá» khÃ´ng xÃ i Ä‘Æ°á»£c tivi luÃ´n,,,,,,,
ai hÆ°á»›ng dáº«n e vá»›i,,,,,,,
Má»i thá»© Ä‘á»u tá»‘t. Chá»‰ cÃ³ má»—i tÃ¬m kiáº¿m báº±ng giá»ng nÃ³i thÃ¬ khÃ´ng thá»ƒ sá»­ dá»¥ng Tiáº¿ng Viá»‡t Ä‘Æ°á»£c. NhÃ  cÃ³ ngÆ°á»i giÃ  mÃ  khÃ´ng thá»ƒ tÃ¬m kiáº¿m báº±ng giá»ng nÃ³i Tiáº¿ng Viá»‡t nÃªn tháº­t sá»± ráº¥t báº¥t tiá»‡n.,,,,,,,
Hay bá»‹ lá»—i,,,,,,,
Tivi dÃ¹ng ok áº¡,,,,,,,
Tá»‘t,,,,,,,
Ti vi trÃªn cáº£ tuyá»‡t vá»i cÃ²n vá» Ä‘á»™ bÃªn thÃ¬ dÃ¹ng má»›i biáº¿t,,,,,,,
sao má»—i láº§n táº¯t ti vi táº§m 23 tiáº¿ng má»Ÿ láº¡i lÃ  báº¯t lá»—i máº¡ng mÃ¬nh táº¯t tivi báº­t láº¡i thÃ¬ k viá»‡c gÃ¬ mÃ  lÃºc nÃ o cÅ©ng pháº£i má»Ÿ r táº¯t xong má»Ÿ tháº¥y k vui láº¯m . vá» phÃ­a nhÃ¢n viÃªn Ä‘iá»‡n mÃ¡y nhÃ¢n viÃªn láº¯p rÃ¡p nhiá»‡t tÃ¬nh . ti vi mÃ u Ä‘áº¹p c hÃ¬nh áº£nh nÃ©t bÃ© xem hoáº¡t hÃ¬nh tháº¥y khoÃ¡i láº¯m. mÃ¬nh cÅ©ng má»›i mua Ä‘c thÃ¡ng nÃªn Ä‘á»™ bá»n chá» thá»i gian tráº£ lá»i,,,,,,,
Sáº£n pháº©m tá»‘t trong táº§m giÃ¡,,,,,,,
mÃ u Ä‘áº¹p,,,,,,,
tivi tá»‘t,,,,,,,
CÆ¡ báº£n lÃ  dÃ¹ng oke. PhÃ¹ há»£p má»©c giÃ¡ so vá»›i cjaats lÆ°Æ¡ng,,,,,,,
Ä‘áº¹p,,,,,,,
Ok,,,,,,,
Má»›i mua dx cÃ¡ch Ä‘Ã¢y vÃ i ngÃ y.. Ã¢m thanh tá»‘t..mÃ u sáº¯c Ä‘áº¹p..tivi má»ng Ä‘áº¹p.. ráº¥t hÃ i lÃ²ng vá» dÃ²ng sáº£n pháº©m Samsung nÃ y,,,,,,,
Sáº£n pháº©m dÃ¹ng ráº¥t ok,,,,,,,
Ráº¥t tá»‘t,,,,,,,
Tivi má»ng nháº¹ xem rÃµ há»‰nh,,,,,,,
mÃ u Ä‘áº¹p. Cáº§n á»§u Ä‘áº£i cho khÃ¡ch hÃ ng thÃ¢n thiáº¿t khi mua.,,,,,,,
hÃ¬nh áº£nh vÃ  Ã¢m thanh ráº¥t tá»‘t,,,,,,,
MÃ¬nh cáº§n lá»i giáº£i thÃ­ch tá»« Ä‘iá»‡n mÃ¡y xanh. Mua tivi hÆ¡n má»™t tuáº§n. Äá»™ tÆ°Æ¡i mÃ u sáº¯c cÃ²n tá»‡ hÆ¡n cáº£ tv hd mua 3 nÄƒm trÆ°á»›c. Vá»«a nháº­n hÃ ng Ä‘Ã£ yÃªu cáº§u há»— trá»£ ngay. Tá»›i nay há»— trá»£ nhÆ°ng kÃ©o dÃ i thá»i gian. KhÃ´ng giáº£i quyáº¿t váº¥n Ä‘á». Äá»• thá»«a tÃ¹m lum háº¿t. LÃ m Äƒn váº­y sao dÃ¡m tin tÆ°á»Ÿng mua tiáº¿p. Tv bá» ra hÆ¡n 10trieu mua,,,,,,,
Ä‘á»•i láº¡i cÃ²n thua tvi 3trieu .,,,,,,,
Cháº¥t lÆ°á»£ng tá»‘t,,,,,,,
Ã­t sá»­ dá»¥ng,,,,,,,
Tivi cháº¥t lÆ°á»£ng,,,,,,,
Äang sá»­ dá»¥ng váº«n á»•,,,,,,,
TÃ´t,,,,,,,
Tá»‘t,,,,,,,
HÃ¬nh áº£nh nÃ©t,,,,,,,
Ã¢m thanh,,,,,,,
cháº¥t lÆ°á»£ng hÃ¬nh áº£nh tá»‘t,,,,,,,
mÃ u sáº¯c Ä‘áº¹p,,,,,,,
tivi Ä‘áº¹p,,,,,,,
XÃ i tá»‘t,,,,,,,
rÃµ,,,,,,,
Tivi cÃ³ káº¿t ná»‘i Bluetooth vá»›i loa,,,,,,,
hÆ°ng chá»‰ káº¿t ná»‘i tá»‘t vá»›i loa cá»§a samsung. Káº¿t ná»‘i loa háº£ng khÃ¡c nghe ko Ä‘c. Chá»©c nÄƒng Bluetooth mÃ  káº¿t ná»‘i ko nhÆ° tháº¿ thÃ  ko cÃ³ chá»©c nÄƒng Bluetooth cÃ²n hay hÆ¡n. Ko nÃªn mua náº¿u cÃ³ Ã½ Ä‘á»‹nh káº¿t ná»‘i Bluetooth qua loa thÃ´ng minh. NhÃ¢n viÃªn samsung Ä‘áº¿n kiá»ƒm tra báº£o loa ko tÆ°Æ¡ng thÃ­ch,,,,,,,
tháº¿ lÃ  xong,,,,,,,
Tháº­t may máº¯n hÃ´m qua mua giÃ¡ 9tr490k tivi sÃ i ráº¥t tá»‘t vÃ  hÃ i lÃ²ng nhÃ¢n viÃªn láº¯p Ä‘áº·t,,,,,,,
Tá»‘t,,,,,,,
HÃ ng ok cháº¥t lÆ°Æ¡ng,,,,,,,
Ráº¥t tá»‘t áº¡,,,,,,,
Ti vi Ä‘ang bÃ¬nh thÆ°á»ng cÃ¡i nÃ³ biáº¿n thÃ nh váº­y chá»‰ táº¯t vÃ  má»Ÿ lÃªn láº¡i nhÆ° váº§y,,,,,,,
Tá»‘t,,,,,,,
Hiá»‡n táº¡i tivi samsung Ä‘ang dÃ¹ng ok,,,,,,,
Tá»‘t,,,,,,,
Ok,,,,,,,
QuÃ¡ tuyá»‡t vá»i,,,,,,,
Xem YouTube cÃ¡c highlights bÃ³ng Ä‘Ã¡ hÃ¬nh áº£nh bá»‹ chuyá»ƒn Ä‘á»™ng giáº­t ráº¥t khÃ³ xem,,,,,,,
cÃ³ ai giá»‘ng mÃ¬nh khÃ´ng. Nhá» há»— trá»£ vá»›i,,,,,,,
Ráº¥t tá»‡ chÄƒm sÃ³c khÃ¡ch hÃ ng ráº¥t kÃ©m,,,,,,,
Tivi hÃ¬nh áº£nh nÃ³ nhoÃ  vÃ  tá»‘i hÆ¡n ráº¥t nhiá»u so vá»›i tivi sony giÃ¡ tÆ°Æ¡ng Ä‘Æ°Æ¡ng gia Ä‘Ã¬nh mÃ¬nh vá»«a xÃ i,,,,,,,
Má»i cÃ¡i tá»‘t nhÆ°ng app VieOn tÃ­ch há»£p trÃªn Tivi xÃ i ráº¥t cháº­m vÃ  giáº­t,,,,,,,
máº·c dÃ¹ VieOn tÃ­ch há»£p sáºµn vÃ  cÃ³ cáº£ nÃºt sáºµn trÃªn Remote,,,,,,,
Tivi ok nhÆ°ng sao gÃ³i Khuyáº¿n mÃ£i VTVCab ON sau khi háº¿t háº¡n gÃ³i VIP thÃ¬ gÃ³i CÆ¡ báº£n 2 nÄƒm cÅ©ng máº¥t tiÃªu luÃ´n váº­y Äiá»‡n MÃ¡y Xanh TV má»›i mua Ä‘Æ°á»£c máº¥y thÃ¡ng thÃ´i mÃ .,,,,,,,
Tivi Ä‘áº¹p nha,,,,,,,
tÃ­nh Ä‘áº·t mua LG thÃ¬ cháº¡y ra cá»­a hÃ ng xem thá»­,,,,,,,
khÃ´ng ngá» con nÃ y QLED giáº£m giÃ¡ cÃ²n 15tr há»‘t luÃ´n vÃ¬ cháº¥t lÆ°á»£ng Ä‘áº¹p hÆ¡n LG vá»›i giÃ¡ nÃ y. Há»‡ Ä‘iá»u hÃ nh cháº¡y mÆ°á»£t,,,,,,,
hi vá»ng bá»n vá»›i thá»i gian.,,,,,,,
OK,,,,,,,
OK,,,,,,,
Hiá»‡n táº¡i cÃ²n báº£o hÃ nh nÃªn dÃ¹ng ráº¥t ok .háº¿t báº£o hÃ nh thÃ¬ tÃ­nh tiáº¿p áº¡,,,,,,,
Tot ban áº¡,,,,,,,
"Vá»«a mua Ä‘Æ°á»£c 2 ngÃ y mÃ  giÃ¡ giáº£m xuá»‘ng 2,5 triá»‡u",,,,,,,
hÆ° váº­y khÃ´ng biáº¿t cÃ³ váº¥n Ä‘á» gÃ¬ khÃ´ng,,,,,,,
Ráº¥t tuyá»‡t vá»i!,,,,,,,
Tá»‘t,,,,,,,
TÃ´i khÃ´ng thá»ƒ káº¿t ná»‘i AirPlay trÃªn tivi nÃ y Ä‘Æ°á»£c máº·c dÃ¹ Ä‘Ã£ thá»­ trÃªn nhiá»u Ä‘iá»‡n thoáº¡i iPhone,,,,,,,
tÃ´i cáº§n há»• trá»£,,,,,,,
Táº¡i sao hÃ´m kia lÃºc tÃ´i Ä‘áº¿n mua tivi nÃ y báº¡n nhÃ¢n viÃªn khÃ´ng tÆ° váº¥n cho tÃ´i mua online giÃ¡ ráº» hÆ¡n 2tr3 . trong khi mua online vá»›i mua trá»±c tiáº¿p táº¡i cá»­a hÃ ng CHÆ¯Æ NG TRÃŒNH KHUYá»„N MÃƒI Ä‘á»u giá»‘ng nhau. HÃ´m nay tÃ´i vÃ o xem giÃ¡ online má»›i tháº¥y . tÃ´i ngÆ°á»i mua ráº¥t nhiá»u hÃ ng á»Ÿ Ä‘mx. Táº¡i sao láº¡i cÃ³ thá»ƒ máº¥t oan 2tr3 nÃ y Ä‘Æ°á»£c. Xin bÃªn Ä‘mx hÃ£y tráº£ lá»i rÃµ cho tÃ´i. QuÃ½ vá»‹ cÃ³ thá»ƒ check Ä‘Æ¡n hÃ ng tÃ´i Ä‘Ã£ mua á»Ÿ cty. Cá»­a hÃ ng tÃ´i mua táº¡i thá»‹ tráº¥n Lai UyÃª,,,,,,,
BÃ u BÃ ng,,,,,,,
BÃ¬nh DÆ°Æ¡ng,,,,,,,
Tivi Ä‘áº¹p giÃ¡ cao hÆ¡n lg nhÆ°ng cháº£ cÃ³ chÆ°Æ¡ng trÃ¬nh gÃ¬,,,,,,,
ráº¥t thÃ­ch,,,,,,,
Tá»‘t,,,,,,,
Ok,,,,,,,
Ok,,,,,,,
XÃ i ok . Chá»‰ thiáº¿u ko cÃ³ Ä‘iá»u khiáº¿n giá»ng nÃ³i thÃ´i,,,,,,,
Tá»‘t,,,,,,,
LÃ m Äƒn ko cÃ³ trÃ¡ch nhiá»‡m,,,,,,,
khuyáº¿n máº¡i gÃ³i cÆ°á»›c thÃ¬ ko coi dc gÃ¬,,,,,,,
gá»i há»— trá»£ thÃ¬ háº¹n tá»›i háº¹n lui,,,,,,,
"váº«n ko cÃ³ ai pháº£n há»“i,mua hÃ ng nhiá»u láº§n mÃ  láº§n nÃ y tháº¥t vá»ng",,,,,,,
Ok,,,,,,,
Ti vi rÃµ nÃ©t Ä‘áº¹p,,,,,,,
á»”,,,,,,,
Tv tot mau sac dep,,,,,,,
HÃ¬nh áº£nh Ä‘áº¹p Ä‘iá»u khiá»ƒn nháº¡y de sá»­ dá»¥ng giÃ¡ tá»‘t 4k thÃ¬ quÃ¡ OK,,,,,,,
Ok. Nhung sai vai ngay co hiá»‡n tuong trá»… khi vao app,,,,,,,
tv Ä‘áº¹p,,,,,,,
coi rÃµ nÃ©t mÃ u chuáº©,,,,,,,
dá»‹u máº¯t. Nv tÆ° váº¥n nhiá»‡t tÃ¬nh,,,,,,,
Ãªn mua á»Ÿ Ä‘mx nha mn.,,,,,,,
Tivi mÃ u Ä‘áº¹p sáº¯c nÃ©t,,,,,,,
Ã¢m thanh cÅ©ng OK,,,,,,,
chá»‰ tiáº¿c lÃ  ko cÃ³ chá»©c nÄƒng tÃ¬m kiáº¿m Ä‘Æ°á»£c báº±ng giá»ng nÃ³i trÃªn remote hoáº·c YouTube.,,,,,,,
má»›i dÃ¹ng nÃªn chÆ°a Ä‘Ã¡nh giÃ¡ dc Ä‘á»™ bá»,,,,,,,
chá»©c nÄƒng ok,,,,,,,
Tot,,,,,,,
Ráº¥t tá»‘t,,,,,,,
Sáº£n pháº©m cháº¥t lÆ°á»£ng cao,,,,,,,
NhÃ¢n viÃªn chÄƒm sÃ³c khÃ¡ch hÃ ng ráº¥t thiáº¿u trÃ¡ch nhiá»‡m. Ko hÆ°á»›ng dáº«n vá» viá»‡c thanh toÃ¡n. Kháº¥u trá»« khuyáº¿n mÃ£i cho khÃ¡ch hÃ ng. KhÃ´ng gá»i láº¡i Ä‘á»ƒ chá»‘t Ä‘Æ¡n vÃ  kiá»ƒm tráº£ thÃ´ng tin Ä‘Æ¡n Ä‘áº·t hÃ ng,,,,,,,
Remote ko cÃ³ giá»ng nÃ³i lÃ  lÃ½ do gÃ¬.,,,,,,,
Dmx nay giÃ¡ nÃ y,,,,,,,
mai giÃ¡ kia,,,,,,,
vá»«a mua hÃ´m trÆ°á»›c,,,,,,,
hÃ´m sau giáº£m cáº£ triá»‡u.,,,,,,,
Ráº¥t tá»‘t,,,,,,,
Ti vi k cÃ³ giá»ng nÃ³i gÃ¬ háº¿t,,,,,,,
MÃ u sáº¯c Ä‘áº¹p,,,,,,,
chá»‰ cÃ³ hÆ¡i phiá»n lÃ  nÃ³ nÃ³i nhiá»u quÃ¡,,,,,,,
Äang sá»­ dá»¥ng tá»‘t,,,,,,,
Äang sá»­ dá»¥ng váº«n á»•,,,,,,,
Tivi cháº¥t lÆ°á»£ng,,,,,,,
Dang sá»­ dá»¥ng cáº£m tháº¥y tá»‘t cháº¥t lÆ°á»£ng,,,,,,,
Sáº½ giá»›i thiá»‡u cho báº¡n bÃ¨,,,,,,,
Sáº£n pháº©m Ä‘ang sá»­ dá»¥ng tá»‘t,,,,,,,
Sáº£n pháº©m cháº¥t lÆ°á»£ng,,,,,,,
Sáº£n pháº©m tá»‘t Dá»‹ch vá»¥ cháº¥t lÆ°á»£ng,,,,,,,
Tivi sá»­ dá»¥ng tá»‘t,,,,,,,
Tivi sá»­ dá»¥ng tá»‘t,,,,,,,
Äang sá»­ dá»¥ng tá»‘t,,,,,,,
Sáº£n pháº©m Ä‘ang sá»­ dá»¥ng tá»‘t,,,,,,,
Sáº£n pháº©m cháº¥t lÆ°á»£ng Ä‘ang sá»­ dá»¥ng ráº¥t tá»‘t,,,,,,,
Tivi tá»‘t Ä‘ang sá»­ dá»¥ng OK,,,,,,,
Sáº£n pháº©m tá»‘t cháº¥t lÆ°á»£ng cho Ä‘iá»ƒm tá»‘i Ä‘a,,,,,,,
Sáº½ giá»›i thiá»‡u cho báº¡n bÃ¨,,,,,,,
Giao diá»‡n Ä‘áº¹p dá»… sá»­ dá»¥ng cho ngÆ°á»i lá»›n tuá»•i,,,,,,,
Äang sá»­ dá»¥ng tivi hoáº¡t Ä‘á»™ng tá»‘t,,,,,,,
Sáº½ giá»›i thiá»‡u cho báº¡n bÃ¨,,,,,,,
HÃ¬nh áº£nh chÃ¢n tháº­t sáº¯c nÃ©t. Ráº¥t tá»‘t,,,,,,,
káº¿t ná»‘i Wifi ráº¥t tá»‡,,,,,,,
má»—i láº§n má»Ÿ TV pháº£i sá»­a lá»—i gá»¡ rá»‘i káº¿t ná»‘i Wifi káº¿t ná»‘i láº¡i Wifi,,,,,,,
Tá»‘t áº¡,,,,,,,
ok tá»‘t Ä‘Ã¡ng mua,,,,,,,
NhÃ¢n viÃªn giao hÃ ng,,,,,,,
láº¯p Ä‘áº·t ráº¥t nhiá»‡t tÃ¬nh,,,,,,,
thÃ¢n thiá»‡n.,,,,,,,
Mjh Ä‘Ã£ sd tivi hiá»‡u nÃ y rá»“i,,,,,,,
vÃ  bÃ¢y giá» mua thÃªm váº«n thÃ­ch sd hiá»‡u nÃ y,,,,,,,
Ã³i chung ráº¥t ok,,,,,,,
Ráº¥t hÃ i lÃ²ng ğŸ˜€,,,,,,,
Ráº¥t vui khi mua sáº£n pháº©m nÃ y.há»£p vá»›i tÃºi tiá»n ngÆ°á»i lao Ä‘á»™ng,,,,,,,
Nhá» nhÃ¢n viÃªn há»— trá»£ háº¹n 5 ngÃ y liÃªn há»‡ Ä‘áº¿n nay lÃ  ngÃ y thá»© 6 váº«n chÆ°a tháº¥y gÃ¬. Äiá»‡n thÃ¬ thÃ¡i Ä‘á»™ nhÃ¢n viÃªn cá»£t nhÃ£ Ä‘ang cÆ°á»i giá»¡n vá»›i ngÆ°á»i khÃ¡c khÃ´ng nghe rÃµ yÃªu cáº§u cá»§a khÃ¡ch hÃ ng. NÃ³i 120p sau cÃ³ ngÆ°á»i liÃªn há»‡ há»— trá»£ cÅ©ng khÃ´ng cÃ³. Láº§n Ä‘áº§u tiÃªn cÃ³ tráº£i nghiá»‡m xáº¥u nhÆ° váº­y vá» ÄMX,,,,,,,
Tot,,,,,,,
Tivi mÃ¬nh mua bá»‹ lá»—i tiáº¿ng má»™t hÃ´m giá» trá»Ÿ láº¡i bÃ¬nh thÆ°á»ng NhÆ°ng tÃ´i biáº¿t nÃ³ Ä‘Ã£ cÃ³ váº¥n Ä‘á»,,,,,,,
ÄÆ°á»£c,,,,,,,
OK,,,,,,,
Tá»‘t,,,,,,,
Ti vi sÃ i tá»‘t nhÃ©,,,,,,,
Káº¿t ná»‘i vá»›i cháº£o báº¥m tá»›i kÃªnh 17 Ä‘á»©ng hÃ¬nh hk báº¥m lÃªn xuá»‘ng Ä‘Æ°á»£c,,,,,,,
Mua thÃ¬ suy nghÄ© láº¡i nha má»i ngÆ°á»i em mua xem chÆ°a Ä‘Æ°á»£c 1 tiáº¿ng nÃ³ táº¯t nguá»“n ko lÃªn nguá»“n luÃ´n nchung mang tiáº¿ng Ä‘Æ°á»£c chá»¯ Samsung thÃ´i chá»© cÃ²n láº¡i thÃ¬ láº¯m,,,,,,,
"MÃ¬nh má»›i mua tivi nhÆ°ng mÃ u khÃ´ng sÃ¡ng,khÃ´ng rÃµ nÃ©t.Mong pháº£n há»“i",,,,,,,
Tivi mÃ n hÃ¬nh rÃµ nÃ©t,,,,,,,
ráº¥t tá»‘t,,,,,,,
Má»›i mua 24.9.2023 Ã¢m thanh tá»‘t. MÃ n hÃ¬nh sÃ¡ng rÃµ.,,,,,,,
Ok,,,,,,,
Ok mau dep,,,,,,,
NhÃ¢n viÃªn ráº¥t nhiá»‡t tÃ¬nh,,,,,,,
HÃ ng tá»‘t áº¡. NhÃ¢n viÃªn phá»¥c vá»¥ táº­n tÃ¬nh. Cáº£m Æ¡,,,,,,,
Ok,,,,,,,
Tivi ok,,,,,,,
Tivi mÆ°á»£t,,,,,,,
mÃ n hÃ¬nh á»•,,,,,,,
Sáº£n pháº©m tá»‘t. Dá»‹ch vá»¥ chu Ä‘Ã¡o. ChÃºc Äiá»‡n mÃ¡y xanh lÃ m Äƒn phÃ¡t tÃ i.,,,,,,,
NÃ³ cá»© hiá»‡n lÃªn mÃ£i Ráº¥t khÃ³ chá»‹u,,,,,,,
MÃ u Ä‘áº¹p nhÃ¬n ráº¥t nÃ©t,,,,,,,
Ti vi tá»‘t nhe má»i ngÆ°á»i.,,,,,,,
HÃ¬nh áº£nh sáº¯c nÃ©t.táº·ng cÃ¡p truyá»n hÃ¬nh 6 thÃ¡ng. NÃªn mua.giÃ¡ há»£p lÃ½,,,,,,,
Má»›i mua chÆ°a lÃ¢u,,,,,,,
hiá»‡n xÃ i tá»‘t,,,,,,,
So vá»›i tv SS cÅ© thÃ¬ cÃ¡i má»›i nÃ y mÆ°á»£t hÆ¡,,,,,,,
báº¯t wifi máº¡nh.,,,,,,,
Ã¢m thanh tá»‘t,,,,,,,
mÃ n há»— trá»£ 4K ná»‹nh máº¯t,,,,,,,
cÃ³ Ä‘iá»u hÆ¡i tá»‘i,,,,,,,
Sao mua lÃºc chiá»u táº¡i cá»­a hÃ ng 8tr990 mÃ  trÃªn wep cÃ³ 8tr196 NhÃ¢n viÃªn khÃ´ng cáº­p Nháº­t Ä‘á»ƒ khÃ¡ch hÃ ng mua giÃ¡ cao hÆ¡n so vá»›i khuyáº¿n mÃ£i váº­y,,,,,,,
Ok Ä‘iá»‡n mÃ¡y XANH,,,,,,,
Tivi máº©u mÃ£ Ä‘áº¹p,,,,,,,
Ä‘á»™ nÃ©t tÆ°Æ¡ng Ä‘á»‘i khÃ´ng báº±ng sony,,,,,,,
"Ã¢m thanh nhá». Giao hÃ ng nhanh,nv nhiá»‡t tÃ¬nh.",,,,,,,
BÃ¡n hÃ ng giao hÃ ng nhiá»‡t tÃ¬nh nÃ³i chung lÃ  ok nhiá»‡t tÃ¬nh vui váº½,,,,,,,
Dá»… dÃ¹ng,,,,,,,
cháº¥t lÆ°á»£ng hiá»‡u quáº£,,,,,,,
TV sá»§ dá»¥ng tá»‘t qua 1 tg sá»­ dá»¥ng,,,,,,,
DÃ¹ng ráº¥t tá»‘t . NhÃ¢n viÃªn nhiá»‡t tÃ¬nh. HÆ°á»›ng dáº«n chu Ä‘Ã¡o,,,,,,,
Ok,,,,,,,
Tivi tÃ´i mua Ä‘áº¿n nay sá»§ dá»¥ng tá»‘t,,,,,,,
"Ráº¥t tá»‘t ,rÃµ nÃ©t",,,,,,,
Äá»™ mÃ u,,,,,,,
hÃ¬nh áº£nh rÃµ nÃ©t,,,,,,,
hÆ°ng Ã¢m thanh nhá».,,,,,,,
rat tot nhe,,,,,,,
OK,,,,,,,
MÃ¬nh má»›i mua hÃ´m nay nhug nhÃ  mih cÃ³ cÃ¡i loa vi tÃ­nh nhÆ°ng bh nÃ³ há»g bluetooth r bh káº¿t ná»‘i qua báº±g cÃ¡ch cáº¯p dÃ¢y dc k nhá»‰ náº¿u dc thÃ¬ vÃ o dou ra sao,,,,,,,
Tivi ráº¥t nÃ©t vÃ  hÃ¬nh áº£nh ráº¥t Ä‘áº¹p...,,,,,,,
Tháº­t sá»± pháº£i nÃ³i Ä‘iá»‡n mÃ¡y xanh bÃ¢y giá» cá»±c ká»³ tá»‡,,,,,,,
cá»±c ká»³ tháº¥t vá»ng khi gáº§n 10 nÄƒm qua váº«n mua sáº£n pháº©m á»§ng há»™. NhÆ°ng bÃ¢y giá» Cskh báº£o hÃ nh Cá»°C Tá»† Háº I,,,,,,,
gÃ y 26/4 cÃ³ Ä‘Ã¡nh giÃ¡ cÃ³ cskh gá»i há»i xong tá»›i giá» cháº³ng tháº¥y 1 ai xuá»‘ng báº£o hÃ nh hay ngÃ³ ngÃ ng gÃ¬ Ä‘áº¿n sáº£n pháº©m bÃ¡n ra nhÆ° tháº¿ nÃ o,,,,,,,
khÃ´ng bao giá» giá»›ii thiá»‡u hay á»§ng há»™ ná»¯a,,,,,,,
Loa bá»‹ rÃ¨,,,,,,,
cáº§n tá»›i kiá»ƒm tra,,,,,,,
TV Samsung smart TV ua65au7002 sá»­ dá»¥ng tá»‘t,,,,,,,
"hÃ¬nh áº£nh mÃ u sáº¯c tÆ°Æ¡i sÃ¡ng Ä‘áº¹p,",,,,,,,
Tv coi cÅ©ng Ä‘áº¹p. Chá»©c nÄƒng cÅ©ng á»•n so vá»›i má»©c giÃ¡. Thá»i gian lÃ¢u dÃ i khÃ´ng biáº¿t á»•n khÃ´ng.,,,,,,,
ÄÃ£ sd rÃ¢t ok ak,,,,,,,
cÅ©ng Ä‘Æ°á»£c,,,,,,,
Hiá»ƒn thÃ¬ ráº¥t Ä‘áº¹p ráº¥t sáº¯c nÃ©t,,,,,,,
Táº¡m á»•,,,,,,,
Sau gáº§n 1 nÄƒm tá»« khi mua thÃ¬ tivi váº«n sá»­ dá»¥ng tá»‘t . MÃ u sáº¯c tÆ°Æ¡i,,,,,,,
rÃµ nÃ©t . Ã‚m thanh ráº¥t á»•n . Sáº½ giá»›i thiá»‡u cho báº¡n bÃ¨,,,,,,,
gÆ°á»i thÃ¢,,,,,,,
Sáº£n pháº©m vÃ  sá»± phá»¥c vá»¥ ráº¥t tuyá»‡t vá»i,,,,,,,
Oki,,,,,,,
Ok,,,,,,,
Phá»¥c vá»¥ tá»‘t nhanh nhiá»‡t tÃ¬nh,,,,,,,
TV tot tromg tam giÃ¡,,,,,,,
Ok ráº¥t tá»‘t,,,,,,,
Ok,,,,,,,
GiÃ¡ há»£p lÃ½ há»£p tÃºi tiá»,,,,,,,
Good,,,,,,,
DÃ¹ng 1 thÃ¡ng há»ng mÃ n hÃ¬nh. KhÃ´ng cÃ³ láº§n thá»© 2 sá»­ dá»¥ng sp cá»§a DMX. CSKH quÃ¡ tá»‡,,,,,,,
Ok,,,,,,,
Ráº¥t tuyá»‡t,,,,,,,
rÃµ sáº¯c nÃ©t,,,,,,,
NhÃ¢n viÃªn bÃ¡n hÃ ng giá»›i thiá»‡u sáº£n pháº©m cÃ²n nhiá»u thiáº¿u sÃ³t â€¦chÆ°a giá»›i thiá»‡u cáº·n káº½ cho khÃ¡ch hÃ ng.,,,,,,,
sáº£n pháº©m tá»‘t,,,,,,,
Ráº¥t tá»‘t,,,,,,,
Sáº£n pháº©m sÃ i tá»‘t nhÃ¢n viÃªn há»• trá»£ nhiá»‡t tÃ¬nh,,,,,,,
HÃ¬nh áº£nh sáº¯c nÃ©t. VÃ o máº¡ng nhanh,,,,,,,
CÆ¡ báº£n Tivi xem tá»‘t cÃ²n sá»­ dá»¥ng cáº§n thá»i gian má»›i,,,,,,,
Ráº¥t tá»‘t nhÃ©,,,,,,,
GiÃ¡ cao so vá»›i cháº¥t lÆ°á»£ng,,,,,,,
xxxx959212 hanh,,,,,,,
ok,,,,,,,
TÃ­ vi ráº¥t tá»‘t ráº¥t hÃ i lÃ²ng,,,,,,,
HÃ ng OK em nhÃ©,,,,,,,
Cháº¥t lÆ°á»£ng Ä‘i kÃ¨m báº£o hÃ nh,,,,,,,
Cáº£m tháº¥y bá»‹ lá»«a vÃ¬ báº£o hÃ nh cÃ²n 23 thÃ¡ng trong khi mua tivi má»›i,,,,,,,
Ok,,,,,,,
TÃ´i má»›i mua chÆ°a Ä‘áº§y 1thÃ¡ng nÃªn chÆ°a Ä‘Ã¡nh giÃ¡ Ä‘Æ°á»£c sáº£n pháº©m áº¡,,,,,,,
HÃ¬nh áº£nh sáº¯c nÃ©t,,,,,,,
Ä‘á»™ bá»n cao ná»¯a thÃ¬ sp sáº½ ráº¥t tá»‘t,,,,,,,
ty vi sem tháº­t rÃµ rÃ ng vÃ  Ä‘áº¹p Ä‘áº½ vá» mÃ u sáº¯c chÃ¢n thÃ nh cáº£m Æ¡,,,,,,,
Tot,,,,,,,
Tá»‘t o,,,,,,,
RÃµ nÃ©t Ä‘áº¹p,,,,,,,
Tá»‘t,,,,,,,
Há»ng Ä‘iá»u khiá»ƒn roi,,,,,,,
Tá»‘t,,,,,,,
MÃ u chuÃ¢n,,,,,,,
dá»… sá»­ dung,,,,,,,
Ráº¥t tÃ´r vÃ  rÃµ Ä‘áº¹p,,,,,,,
MÃ¡y sá»­ dá»¥ng tá»‘t. Ok,,,,,,,
Sáº£n pháº©m vÃ  dá»‹ch vá»¥ tá»‘t nhÆ°ng gÃ³i quÃ  táº·ng Ä‘i kÃ¨m khÃ´ng thá»±c sá»± háº¥p dáº«n. CÃ¡c kÃªnh truyá»n hÃ¬nh vip váº«n pháº£i Ä‘Äƒng kÃ½ ngoÃ i.,,,,,,,
Ok shop,,,,,,,
NhÃ¢n viÃªn giao hÃ ng nhanh,,,,,,,
ti vi mÃ u sÃ¡ng,,,,,,,
sáº¯c nÃ©t tháº­t.,,,,,,,
Ráº¥t tá»‘t,,,,,,,
TÆ° váº¥n nhiá»‡t tiÌ€nh,,,,,,,
há»— trá»£ tá»‘t,,,,,,,
"MÃ n hÃ¬nh ráº¥t Ä‘áº¹p,rÃµ nÃ©t",,,,,,,
QuÃ¡ tá»‘t,,,,,,,
Sáº£n pháº©m tá»‘t. NhÃ¢n viÃªn láº¯p Ä‘áº·t thÃ¢n thiá»‡n nhiá»‡t tÃ¬nh.,,,,,,,
Cháº¥t lÆ°á»£ng tá»‘t,,,,,,,
Ok,,,,,,,
Ráº¥t tá»‘t,,,,,,,
HÃ£ng tivi Samsung vÃ  ÄMX ráº¥t tá»‡.ChÃ­nh xÃ¡ch báº£o hÃ nh khÃ´ng tá»‘t,,,,,,,
mua sáº£n pháº©m Ä‘Æ°á»£c 8 ngÃ y bÃ¡o lá»—i thÃ¬ phÃ¡t hÃ£ng bÃ¡o do ÄMX,,,,,,,
ÄMX thÃ¬ bÃ¡o do khÃ¡ch hÃ ng nÃªn khÃ´ng Ä‘á»“ng Ã½ Ä‘á»•i mÃ  láº¡i thay linh kiá»‡n.Ã€ Æ°Æ¡m hÆ¡n 1 thÃ¡ng khÃ´ng xá»­ lÃ½ Ä‘Æ°á»£c cho khÃ¡ch. Láº¯p Ä‘áº·t thÃ¬ lá»‡ch nghiÃªng,,,,,,,
hÃ¢n viÃªn thÃ¡i Ä‘á»™.Ráº¥t tá»‡.,,,,,,,
Tivi máº«u mÃ£ Ä‘áº¹p,,,,,,,
cháº¥t lÆ°á»£ng tá»‘t,,,,,,,
Má»›i dÃ¹ng Ä‘Æ°á»£c hai thÃ¡ng tháº¥y cÅ©ng OK,,,,,,,
Ráº¥t tá»‘t,,,,,,,
Rat hai lÃ²ng,,,,,,,
Cháº¥t lÆ°á»£ng á»•,,,,,,,
Má»›i dÃ¹ng nÃªn chÆ°a cÃ³ thá»ƒ nháº­n xÃ©t nhiá»u Ä‘c.,,,,,,,
Tá»‘t,,,,,,,
Ok,,,,,,,
tá»‘t,,,,,,,
Ok,,,,,,,
Very good,,,,,,,
Cáº£m nháº­n tá»‘t,,,,,,,
Rat hÃ i lÃ²ng.,,,,,,,
Xem nÃ©t sá»­ dá»¥ng dá»…,,,,,,,
QuÃ¡ ngo,,,,,,,
DÃ¹ng Ä‘Æ°á»£c,,,,,,,
Sáº£n pháº©m tá»‘t,,,,,,,
Má»›i dÃ¹ng tháº¥y ráº¥t OK tivi nÃ©t báº¯t máº¡ng nhanh cÃ²n Ä‘á»™ bá»n thÃ¬ pháº£i chá» thá»i gia,,,,,,,
Tivi nÃ©t ráº¥t hÃ i lÃ²ng,,,,,,,
Tá»‘t,,,,,,,
Ok tá»‘t,,,,,,,
OK,,,,,,,
RÃ¢t tÃ´t,,,,,,,
Tivi hÃ¬nh áº£nh Ä‘áº¹p,,,,,,,
sáº¯c nÃ©t dÃ¹ng mÆ°á»£t mÃ ,,,,,,,
DÃ¹ng á»•n Ä‘á»‹nh vÃ  nÃ©t mÆ°á»£t,,,,,,,
â¤ï¸â¤ï¸â¤ï¸â¤ï¸â¤ï¸,,,,,,,
Oke,,,,,,,
Ráº¥t tá»‘t,,,,,,,
tá»‘t,,,,,,,
Äá»™ sáº¯c nÃ©t bÃ¬nh thÆ°á»ng MÃ u sáº¯c hÆ¡i Ä‘áº­m Ã‚m thanh bÃ¬nh thÆ°á»ng GiÃ¡ ráº» nÃªn ko Ä‘Ã²i há»i nhiá»u,,,,,,,
Ok,,,,,,,
ÄÆ°á»£c,,,,,,,
DÃ¹ng ok,,,,,,,
HÃ ng tá»‡ nhe,,,,,,,
chÃ¢n cao chÃ¢n tháº¥p,,,,,,,
báº£o hÃ nh thÃ¬ láº±ng nháº±ng ko muá»‘n lÃ m,,,,,,,
Ãªn trÃ¡nh cÃ¡i,,,,,,,
Ok,,,,,,,
MÃ u sáº¯c Ä‘áº¹p. Báº¯t sÃ³ng wifi cá»±c tá»‘t. HÃ i lÃ²ng,,,,,,,
Tu ngay láº­p dat máº¥y tÃ´i nay bá»‹ lá»—i máº¡ng hÃ¬nh 3 láº§n rá»“i,,,,,,,
hÃ¬nh áº£nh chÃ¢n tháº­t,,,,,,,
pháº§n máº§u chÆ°a tá»‘t láº¯m,,,,,,,
hÃ i lÃ²ng,,,,,,,
Tv nÃ y hÃ¬nh áº£nh tÆ°Æ¡ng Ä‘ á»‘i nÃ©t.hÃ¬nh áº£nh Ä‘áº¹p nhÆ°ng ngÆ°á»i lá»›n tuá»•i sá»­ dá»¥ng hÆ¡i khÃ³,,,,,,,
Cháº¥t lÆ°á»£ng tá»‘t,,,,,,,
hÃ¢n viÃªn giao lÄƒp há»— trá»£ nhiá»‡t tÃ¬nh,,,,,,,
Tivi xÃ i tá»‘t,,,,,,,
Tivi xem ráº¥t thÃ­ch,,,,,,,
"hÃ¬nh áº£nh Ã¢m thanh Ä‘á»u á»•n,",,,,,,,
Cháº¥t lÆ°á»£ng xá»‹n láº¯m nha,,,,,,,
Ã©t cÄƒng. má»›i láº¯p hÃ´m nay,,,,,,,
sáº½ Ä‘Ã¡nh giÃ¡ cháº¥t lÆ°á»£ng sau,,,,,,,
Ráº¥t hÃ i lÃ²ng,,,,,,,
Tivi cá»§a mÃ¬nh nháº­n giá»ng nÃ³i kg Ä‘c vÃ  cÃ³ nhiá»u kÃªnh coi kg rÃµ,,,,,,,
Ti vi Ä‘áº¹p,,,,,,,
Ráº¥t hÃ i lÃ²ng,,,,,,,
Am thanh . HÃ¬nh áº£nh ko Ä‘áº¹p,,,,,,,
OK,,,,,,,
ráº¥t hÃ i lÃ²ng,,,,,,,
Tvi kiá»…u dang láº¡ dÃ¡n sÃ¡t tÆ°á»ng tiá»‡n Ã­ch thá»… hiá»‡n tranh sÃµng Ä‘á»™ng do cÃ³ Ä‘á»™ sÃ¡ng vá»«a trong khÃ´ng bá»‹ chÃ³i máº¯t,,,,,,,
Tv Ä‘áº¹p chuáº©,,,,,,,
Ráº¥t hÃ i lÃ²ng,,,,,,,
Treo á»Ÿ nhÃ  nhÆ° bá»©c tranh. Äáº¹p!,,,,,,,
HÃ¬nh áº£nh chÃ¢n tháº­t,,,,,,,
cá»±c thÃ´ng minh,,,,,,,
Ã¢m thanh cá»±c hay,,,,,,,
Ráº¥t Æ°ng Ã½ nhe,,,,,,,
bthuong ko sá»­ dá»¥ng nhÃ¬n nhÆ° bá»©c tranh trang trÃ­,,,,,,,
cÃ²n khi sá»­ dá»¥ng nghe nháº¡c ráº¥t hay luÃ´,,,,,,,
DÃ¹ng cÅ©ng tá»‘t,,,,,,,
Ti vi cÅ©ng bÃ¬nh thÆ°á»ng. Tráº£i nghiá»‡m Ä‘Æ°á»£c chá»©c nÄƒng khung tranh. NhÆ°ng remote sáº¡c báº±ng nÄƒng lÆ°á»£ng máº·t trá»i cháº¥t lÆ°á»£ng quÃ¡ tá»‡,,,,,,,
.,,,,,,,
QuÃ¡ á»©c cháº¿ há»ng Ä‘iá»u khiá»ƒn Ä‘em Ä‘i báº£o hÃ nh nÃ³i rÃµ tÃ¬nh tráº¡nh lÃ  sáº¡c k vÃ o vÃ  giá»ng nÃ³i bá»‹ sai Ä‘á»£i hÆ¡n tuáº§n báº£o ra láº¥y vá» sáº¡c váº«n khÃ´ng vÃ o dá»‹ch vá»¥ vÃ´ trÃ¡ch nhiá»‡m chá»© táº­n tÃ¢m cÃ¡i gÃ¬.Háº¿t quáº¡t tráº§n giá» láº¡i Ä‘áº¿n tv quÃ¡ má»‡t má»i vá»›i Ä‘iá»‡n mÃ¡y xxanh rá»“i,,,,,,,
CÃ³ cÃ¡i wifi káº¿t ná»‘i ko dc háº¹n máº¥y tiáº¿ng má»›i giáº£i quyáº¿t.,,,,,,,
NÃ©t tá»‘t,,,,,,,
TV giÃ¡ tá»‘t xem bÃ³ng chuyá»n tuyá»‡t vá»i,,,,,,,
Sáº£n pháº©m dÃ¹ng ráº¥t tá»‘t,,,,,,,
"Tivi dÃ¹ng tá»‘t ,hÃ¬nh áº£nh nÃ©t",,,,,,,
Ok,,,,,,,
Ok,,,,,,,
Ok,,,,,,,
Tivi dÃ¹ng ok,,,,,,,
Tá»‘t ok,,,,,,,
OK,,,,,,,
Ráº¥t tá»‡. NgÃ y 17/6/2023 má»›i giao TV cho mÃ¬nh á»Ÿ Tiá»n Giang. Äáº¿n nay 07/07/2023 Ä‘Ã£ bá»‹ sá»c há»“ng. ÄÃ£ gá»i lÃªn tá»•ng Ä‘Ã i DMX háº¹n 3h sau sáº½ giáº£i quyáº¿t.,,,,,,,
MÃ n hÃ¬nh QLed chÃ¢n tháº­c,,,,,,,
Tv quÃ¡ Ä‘áº¹p,,,,,,,
HÃ¬nh khÃ´ng Ä‘áº¹p,,,,,,,
Phá»¥c vá»¥ tá»‘t chu Ä‘Ã¡o,,,,,,,
Sáº£n pháº©m ráº¥t cháº¥t lÆ°á»£ng,,,,,,,
Tivi Ä‘áº¹p..nhÃ¢n viÃªn láº¯p Ä‘áº·t nhiá»‡t tÃ¬nh.,,,,,,,
Tivi Ä‘áº¹p,,,,,,,
giÃ¡ cáº£ há»£p lÃ½ bá»n ná»¯a lÃ  OK,,,,,,,
Cáº£m Æ¡,,,,,,,
Ok,,,,,,,
Ok,,,,,,,
HÃ¬nh áº£nh tá»‘t,,,,,,,
"bá»™ xá»­ lÃ½ máº¡nh máº»,Ä‘áº§y Ä‘á»§ cÃ¡c app giáº£i trÃ­ ....",,,,,,,
Tá»‘t,,,,,,,
TV sá»­ dá»¥ng bÃ¬nh thÆ°á»ng,,,,,,,
dÃ¹ng quen rá»“i,,,,,,,
mÃ u sáº¯c hÃ¬nh áº£nh bÃ¬nh thÆ°á»ng váº«n váº­y,,,,,,,
cÃ³ 1 2 hÃ´m má»Ÿ lÃªn thÃ¬ hÆ¡i bá»‹ nhiá»…u,,,,,,,
háº£y nháº£y hÃ¬nh áº£nh,,,,,,,
táº¯t rá»“i báº­t láº¡i thÃ¬ háº¿t,,,,,,,
Ã¢m thanh rÃµ,,,,,,,
thiáº¿t káº¿ cÅ©ng Ä‘áº¹p,,,,,,,
sáºµn sÃ ng giá»›i thiá»‡u sáº£n pháº©m,,,,,,,
sáº£n pháº©m nÃ³i chung lÃ  Ä‘Æ°á»£c,,,,,,,
sá»­ dá»¥ng tá»‘t,,,,,,,
mÃ u sáº¯c hÃ¬nh áº£nh Ä‘áº¹p Ä‘Æ°á»£c,,,,,,,
Ã¢m thanh rÃµ,,,,,,,
sá»­ dá»¥ng mÆ°á»£t á»•n Ä‘á»‹nh,,,,,,,
thiáº¿t káº¿ Ä‘áº¹p,,,,,,,
sáºµn sÃ ng giá»›i thiá»‡u sáº£n pháº©m,,,,,,,
sáº£n pháº©m xÃ i cÅ©ng bÃ¬nh thÆ°á»ng tá»‘t,,,,,,,
mÃ u sáº¯c hÃ¬nh áº£nh hiá»‡n táº¡i sáº¯c nÃ©t Ä‘áº¹p,,,,,,,
Ã¢m thanh rÃµ,,,,,,,
Ä‘Æ°á»£c tá»‘t,,,,,,,
hoáº¡t Ä‘á»™ng nÃ³i chung lÃ  tá»‘t,,,,,,,
thiáº¿t káº¿ Ä‘áº¹p,,,,,,,
sáºµn sÃ ng giá»›i thiá»‡u sáº£n pháº©m,,,,,,,
sáº£n pháº©m xÃ i Ä‘Æ°á»£c tá»‘t,,,,,,,
lÃºc má»›i mua báº¥m thÃ¬ nháº¡y cÃ²n hiá»‡n táº¡i thÃ¬ khÃ´ng Ä‘Æ°á»£c nháº¡y láº¯m,,,,,,,
mÃ u sáº¯c hÃ¬nh áº£nh Ä‘áº¹p,,,,,,,
Ã¢m thanh Ä‘Æ°á»£c to,,,,,,,
hoáº¡t Ä‘á»™ng mÆ°á»£t,,,,,,,
thiáº¿t káº¿ Ä‘áº¹p nhÆ°ng cÃ¡i chÃ¢n thÃ¬ khÃ´ng Ä‘Æ°á»£c Ä‘áº¹p láº¯m,,,,,,,
Ãªn Ä‘á»•i sang loáº¡i chÃ¢n 2 bÃªn thÃ¬ Ä‘áº¹p hÆ¡n chÃ¢n giá»¯a,,,,,,,
sáºµn sÃ ng giá»›i thiá»‡u sáº£n pháº©m,,,,,,,
sáº£n pháº©m ok,,,,,,,
mÃ u sáº¯c hÃ¬nh áº£nh Ä‘Æ°á»£c,,,,,,,
Ã¢m thanh ok,,,,,,,
hoáº¡t Ä‘á»™ng mÆ°á»£t Ä‘Æ°á»£c khÃ´ng cÃ³ váº«n Ä‘á» gÃ¬,,,,,,,
thiáº¿t káº¿ Ä‘Æ°á»£c Ä‘áº¹p,,,,,,,
sáºµn sÃ ng giá»›i thiá»‡u sáº£n pháº©m,,,,,,,
sáº£n pháº©m ok,,,,,,,
hiá»‡n táº¡i váº«n ok cÃ²n sau nÃ y thÃ¬ chÆ°a biáº¿t,,,,,,,
mÃ u sáº¯c hÃ¬nh áº£nh cÅ©ng giá»‘ng nhÆ° ban Ä‘áº§u thÃ´i chÆ°a cÃ³ gÃ¬ thay Ä‘á»•i,,,,,,,
TV sá»­ dá»¥ng mÆ°á»£t,,,,,,,
Ã¢m thanh ok,,,,,,,
thiáº¿t káº¿ cÅ©ng giá»‘ng nhá»¯ng mÃ¡y khÃ¡c,,,,,,,
Ä‘Æ°á»£c,,,,,,,
sáºµn sÃ ng giá»›i thiá»‡u sáº£n pháº©m,,,,,,,
sáº£n pháº©m tá»‘t,,,,,,,
mÃ u sáº¯c hÃ¬nh áº£nh tá»‘t,,,,,,,
Ã¢m thanh tá»‘t,,,,,,,
hoáº¡t Ä‘á»™ng khÃ´ng cÃ³ váº«n Ä‘á» gÃ¬,,,,,,,
thiáº¿t káº¿ Ä‘áº¹p,,,,,,,
sáºµn sÃ ng giá»›i thiá»‡u sáº£n pháº©m,,,,,,,
TV Ä‘ang sá»­ dá»¥ng thÃ¬ tá»± nhiÃªn táº¯t ngang,,,,,,,
hoáº·c bá»‹ Ä‘á»©ng mÃ n hÃ¬nh,,,,,,,
mÃ u sáº¯c hÃ¬nh áº£nh cÅ©ng Ä‘Æ°á»£c,,,,,,,
Ä‘áº¹p,,,,,,,
Ã¢m thanh nghe nhá» quÃ¡,,,,,,,
sá»­ dá»¥ng tÆ°Æ¡ng Ä‘á»‘i mÆ°á»£t mÃ ,,,,,,,
thiáº¿t káº¿ Ä‘áº¹p nhÆ°ng cÃ¡i pháº§n viá»n mÃ n hÃ¬nh nhÃ¬n giá»‘ng nhÆ° bá»‹ há»Ÿ,,,,,,,
sáºµn sÃ ng giá»›i thiá»‡u sáº£n pháº©m,,,,,,,
sáº£n pháº©m má»›i dÃ¹ng bÃ¬nh thÆ°á»ng,,,,,,,
mÃ u sáº¯c hÃ¬nh áº£nh nÃ³i chung thÃ¬ ok,,,,,,,
Ã¢m thanh nghe rÃµ mÃ  hÆ¡i nhá»,,,,,,,
sá»­ dá»¥ng nÃ³i chung lÃ  mÆ°á»£t,,,,,,,
thiáº¿t káº¿ cÅ©ng ok,,,,,,,
sáºµn sÃ ng giá»›i thiá»‡u sáº£n pháº©m,,,,,,,
sáº£n pháº©m nÃ³i chung thÃ¬ hiá»‡n táº¡i váº«n chÆ°a cÃ³ gÃ¬,,,,,,,
váº«n tá»‘t,,,,,,,
mÃ u sáº¯c hÃ¬nh áº£nh Ä‘Æ°á»£c tá»‘t,,,,,,,
Ã¢m thanh Ä‘Æ°á»£c,,,,,,,
sá»­ dá»¥ng mÆ°á»£t bÃ¬nh thÆ°á»ng,,,,,,,
sáºµn sÃ ng giá»›i thiá»‡u sáº£n pháº©m,,,,,,,
sáº£n pháº©m nÃ³i chung lÃ  tá»‘t,,,,,,,
chÆ°a cÃ³ gÃ¬,,,,,,,
mÃ u sáº¯c hÃ¬nh áº£nh cÅ©ng Ä‘Æ°á»£c,,,,,,,
Ã¢m thanh rÃµ,,,,,,,
sá»­ dá»¥ng mÆ°á»£t,,,,,,,
bÃ¬nh thÆ°á»ng,,,,,,,
thiáº¿t káº¿ táº¡m á»•,,,,,,,
sáºµn sÃ ng giá»›i thiá»‡u sáº£n pháº©m,,,,,,,
sáº£n pháº©m dÃ¹ng tá»‘t khÃ´ng cÃ³ gÃ¬,,,,,,,
mÃ u sáº¯c hÃ¬nh áº£nh Ä‘áº¹p,,,,,,,
Ã¢m thanh rÃµ,,,,,,,
thiáº¿t káº¿ Ä‘áº¹p,,,,,,,
sáºµn sÃ ng giá»›i thiá»‡u sáº£n pháº©m,,,,,,,
sá»­ dá»¥ng mÆ°á»£t,,,,,,,
sáº£n pháº©m dÃ¹ng tiá»‡n lá»£i,,,,,,,
mÃ u sáº¯c hÃ¬nh áº£nh cÅ©ng Ä‘áº¹p,,,,,,,
Ã¢m thanh nghe rÃµ,,,,,,,
cháº¡y mÆ°á»£t mÃ ,,,,,,,
thiáº¿t káº¿ cÅ©ng Ä‘áº¹p,,,,,,,
viá»n má»ng,,,,,,,
sáºµn sÃ ng giá»›i thiá»‡u sáº£n pháº©m,,,,,,,
sáº£n pháº©m cÅ©ng bÃ¬nh thÆ°á»ng,,,,,,,
mÃ u sáº¯c hÃ¬nh áº£nh nÃ³i chung thÃ¬ cho máº¥y Ä‘á»©a nhá» sá»­ dá»¥ng chá»© mÃ¬nh cÅ©ng khÃ´ng Ä‘á»ƒ Ã½,,,,,,,
Ã¢m thanh cÅ©ng Ä‘Æ°á»£c,,,,,,,
sá»­ dá»¥ng cÅ©ng á»•n mÆ°á»£t khÃ´ng cÃ³ gÃ¬,,,,,,,
thiáº¿t káº¿ má»—i sáº£n pháº©m sáº½ cÃ³ cÃ¡i khÃ¡c nhau nÃªn khÃ´ng Ä‘Ã¡nh giÃ¡ Ä‘Æ°á»£c,,,,,,,
sáºµn sÃ ng giá»›i thiá»‡u sáº£n pháº©m,,,,,,,
Ráº¥t tÃ´t tivi xem nÃ©t á»•n Ä‘á»‹nh wifi .,,,,,,,
BÄƒt wifi yáº¿u,,,,,,,
SiÃªu nhanh háº¿t pin. NgÃ y Ä‘áº§u mua Ä‘iá»u khiá»ƒn cÃ²n dÃ¹ng Ä‘c 3 ngÃ y. Nhá»¯ng ngÃ y sau hnao cÅ©ng pháº£i sáº¡c 1-2 láº§n. Máº·c dÃ¹ táº§n suáº¥t vs thá»i gian dÃ¹ng cá»±c kÃ¬ Ã­t ğŸ¤¯,,,,,,,
Ok.táº¡m á»•n Ä‘á»ƒ xem thÃªm má»™t thá»i gia,,,,,,,
HÃ¬nh áº£nh tá»‘t,,,,,,,
Sáº£n pháº©m tá»‘t,,,,,,,
tot,,,,,,,
Ráº¥t tá»‘t,,,,,,,
MÃ u sáº¯c hÃ¬nh áº£nh Ä‘áº¹p,,,,,,,
Má»›i sá»­ dá»¥ng nÃªn ti vi hoáº¡t Ä‘á»™ng tháº¥y ráº¥t á»•nğŸ‘,,,,,,,
Ráº¥t ok,,,,,,,
Ráº¥t tá»‘t,,,,,,,
Tivi,,,,,,,
Sp ráº¥t tá»‘t,,,,,,,
Tá»‘t,,,,,,,
Äiá»u khiá»ƒn háº¿t Ä‘iá»‡n quÃ¡ nhanh,,,,,,,
má»›i mua Ä‘Æ°á»£c hÆ¡n 1 thÃ¡ng mÃ  ngÃ y nÃ o cÅ©ng pháº£i náº¡p,,,,,,,
tá»‘t,,,,,,,
Ti vi bá»‹ hÆ° mÃ n hÃ¬nh xÃ i phÃ­ tiá»n mau há»ng,,,,,,,
Ã‚m thanh hÆ¡i nhá».,,,,,,,
HÃ¬nh áº£nh sáº¯t nÃ©t dá»… sá»­ dá»¥ng,,,,,,,
OK tá»‘t,,,,,,,
LÃºc giao tivi má»›i máº¡ch lcd bá»‹ tráº¯ng 4 viá»n vÃ  sá»c ná»n panel ká»¹ thuáº­t tháº¥y cÅ©ng ko bÃ¡o khÃ¡ch Ä‘á»ƒ nháº­n xong qua lÃ m biÃªn báº£n xÃ¡c Ä‘á»‹nh lá»—i 3 ngÃ y hÃ£ng báº£o gá»i mÃ  ko liÃªn láº¡c Ä‘Æ°á»£c. DÃ¹ cáº£ ngÃ y ko tháº¥y cuá»™c gá»i nhá»¡ nÃ o.,,,,,,,
TÃ´i ráº¥t khÃ´ng hÃ i lÃ²ng vá»›i sáº£n pháº©m sáº£n pháº©m nÃ y. VÃ¬ vá»«a mua Ä‘Æ°á»£c vÃ i ngÃ y Ä‘Ã£ cháº¿t mÃ n hÃ¬nh. Láº§n sau TÃ´i khÃ´ng biáº¿t tin vÃ o Ä‘Ã¢u ná»¯a.,,,,,,,
Sáº£n pháº©m tá»‘t,,,,,,,
Tá»‘t,,,,,,,
Ráº¥t tá»‘t,,,,,,,
Sáº£n pháº©m Ä‘áº¹p phÃ¹ há»£p tÃºi tiá»,,,,,,,
hÆ°á»£c Ä‘iá»ƒm lÃ  ko cÃ³ Ä‘iá»u khiá»ƒn giá»ng nÃ³i hÆ¡i báº¥t tiá»‡n xÃ­u,,,,,,,
- tv tá»‘t,,,,,,,
hÃ¢n viÃªn tÆ° váº¥n nhiá»‡t tÃ¬nh,,,,,,,
thá»£ láº¯p tv ráº¥t thÃ¢n thiá»‡n,,,,,,,
vÃ´ cÃ¹ng hÃ i lÃ²ng,,,,,,,
Sáº£n pháº©m khÃ´ng nhÆ° mong Ä‘á»£i.,,,,,,,
MÃ u sáº¯c Ä‘á»u Ä‘áº¹p,,,,,,,
GiÃ¡ ráº» dÃ¹ng tá»‘t,,,,,,,
Äáº¹p,,,,,,,
giÃ¡ cáº£ há»£p lÃ½,,,,,,,
Tv xÃ i ok.nhÃ¢n viÃªn giao hÃ ng báº£o trÃ¬ nhiá»‡t tÃ¬nh.tks,,,,,,,
TÃ´i ráº¥t hÃ i lÃ²ng....NgÃ y Lá»… 2- 9....nhÃ¢n viÃªn nhiá»‡t tÃ¬nh giao Tivi má»›i ngay...kg Ä‘á»ƒ tÃ´i pháº£i chá» Ä‘á»£i....thanks....táº¥t cáº£,,,,,,,
Ã¢m thanh hÆ¡i nhá». Tivi báº¯t wifi nhanh,,,,,,,
tivi sá»­ dá»¥ng tá»‘t,,,,,,,
sáº£n pháº©m tá»‘t,,,,,,,
mÃ¬nh dÃ¹ng má»›i Ä‘c 9 thÃ¡ng thÃ¬ mÃ n bá»‹ káº» ngang. gá»i tá»•ng Ä‘Ã i báº£o hÃ nh nhiá»u mÃ  chÆ°a Ä‘c,,,,,,,
KhÃ´ng sá»­ dung youtube Ä‘uoc Ä‘iá»u khiá»ƒn bang Ã¢m thanh,,,,,,,
Ráº¥t thÃ­ch,,,,,,,
Sáº£n pháº©m dÃ¹ng ráº¥t tá»‘t,,,,,,,
Sáº£n pháº©m tá»‘t,,,,,,,
Sáº£n pháº©m tá»‘t,,,,,,,
Tá»‘t,,,,,,,
Ráº¥t tá»‘t,,,,,,,
Khuyáº¿n máº¡i lá»›n nÃªn mua .ngon bá»• ráº»,,,,,,,
Sáº£n pháº©m ráº¥t tá»‘t,,,,,,,
Ok,,,,,,,
Tá»‘t,,,,,,,
HÃ¬nh áº£nh ráº¥t Ä‘áº¹p,,,,,,,
OK,,,,,,,
Ok,,,,,,,
OkğŸ‘ŒğŸ‘ŒğŸ‘Œ,,,,,,,
Sáº£n pháº©m tá»‘t,,,,,,,
Tivi máº«u má»›i hÃ¬nh áº£nh sáº¯c nÃ©t.táº¡i má»›i mua chÆ°a biáº¿t káº¿t quáº£ ntn.mÃ  cÃ³ 1Ä‘á»u lÃ  50 inch so vá»›i sonny 48 inch cÃ¡i cá»§ á»Ÿ nhÃ  cÃ²n nhá» hÆ¡n ná»¯a,,,,,,,
Tivi Ä‘áº¹p,,,,,,,
hoáº¡t Ä‘á»™ng mÆ°á»£t,,,,,,,
Tá»‘t,,,,,,,
ráº¥t tuyá»‡t vá»i. NhÃ¢n viÃªn láº¯p Ä‘áº·t nhanh nháº¹,,,,,,,
tÆ° váº¥n nhiá»‡t tÃ¬nh,,,,,,,
Sáº£n pháº©m tá»‘t,,,,,,,
Tv mÆ°á»£t. MÃ n hÃ¬nh to coi sÆ°á»›ng,,,,,,,
Äáº¹p,,,,,,,
sáº¯c nÃ©t,,,,,,,
sá»‘ng Ä‘á»™ng.,,,,,,,
Tá»‘t,,,,,,,
Sá»­ dá»¥ng ráº¥t tá»‘t,,,,,,,
Ok,,,,,,,
ğŸ˜Š,,,,,,,
má»›i mua Ä‘Æ°á»£c 1 tuáº§n,,,,,,,
rá»›t giÃ¡ cÃ²n táº·ng mÃ¡y giáº·t Ã”i Ä‘au quÃ¡ Ä‘a,,,,,,,
Very good,,,,,,,
Hiá»‡n táº¡i tá»‘t,,,,,,,
Ráº¥t tá»‘t. NhÃ¢n viÃªn de thÆ°Æ¡ng,,,,,,,
Ok,,,,,,,
Tivi ráº¥t tá»‘t.nhÃ¢n viÃªn giao hÃ ng vui ve,,,,,,,
Sáº£n pháº©m dÃ¹ng ráº¥t tá»‘t. NhÃ¢n viÃªn phá»¥c vá»¥ táº­n tÃ¬nh,,,,,,,
Giao hÃ ng nhanh,,,,,,,
bv nhiá»‡t tÃ¬nh,,,,,,,
Tivi samsung QLED 75inch máº«u 2022 thiáº¿t káº¿ máº«u Ä‘áº¹p sang trá»ng viá»n siÃªu má»ng.cháº¥t lÆ°á»£ng thÃ¬ sau thá»i gian sá»­ dá»¥ng má»›i biáº¿t Ä‘Æ°á»£c nt,,,,,,,
Cháº¥t lÆ°á»£ng tivi tá»‘t,,,,,,,
cháº¥t lÆ°á»£ng phá»¥c vá»¥ cÃ ng tá»‘t hÆ¡n.,,,,,,,
LÃ¢m há»“ng hÆ°ng,,,,,,,
Ráº¥t tá»‘t,,,,,,,
MÃ n hÃ¬nh ti vi toáº£ nhiá»‡t ráº¥t lÃ  nÃ³ng nhÆ°ng ká»¹ thuáº­t láº¡i bÃ¡o bÃ¬nh thÆ°á»ng.,,,,,,,
Ti vi sá»­ dá»¥ng á»•n nhÃ  má»i ngÆ°á»i,,,,,,,
NhÃ¬n chung tivi á»•n trong táº§m giÃ¡,,,,,,,
cháº¿ Ä‘á»™ báº£o hÃ nh nÃªn hÆ¡n 1 thÃ¡ng thÃ¬ tá»‘t hÆ¡n nhiá»u,,,,,,,
TÃ´i mua online sÄƒn giÃ¡ Æ°u Ä‘Ã£i,,,,,,,
phÃ¡t hiá»‡n tivi bá»‹ lá»—i liá»n liÃªn há»‡ tá»•ng Ä‘Ã i,,,,,,,
báº£o hÃ nh Ä‘áº¿n kiá»ƒm tra xong háº¹n Ä‘á»•i mÃ¡y má»›i,,,,,,,
Ä‘áº¿n háº¹n láº¡i nÃ³i khÃ´ng cÃ³ hÃ ng. YÃªu cáº§u ra cá»­a hÃ ng gáº§n nháº¥t Ä‘á»ƒ thÆ°Æ¡ng lÆ°á»£ng Ä‘á»•i mÃ¡y má»›i,,,,,,,
quáº£n lÃ½ cá»­a hÃ ng yÃªu cáº§u khÃ¡ch hÃ ng tá»± liÃªn há»‡ tá»•ng Ä‘Ã i giáº£i quyáº¿t,,,,,,,
khÃ´ng Ä‘á»©ng ra phá»¥c vá»¥ khÃ¡ch hÃ ng,,,,,,,
Ä‘Ã¹ng Ä‘áº©y trÃ¡ch nhiá»‡m cho nhau. Náº£n. CÃ²n nÃ³i Chá»‹ mua online lÃ  mua hÃ ng tá»“n WHAT. Mong Äiá»‡n mÃ¡y xanh Ä‘á»•i mÃ¡y cho tÃ´i Ä‘Ãºng nhÆ° Ä‘Ã£ háº¹n.,,,,,,,
Tá»‘t trong táº§m giÃ¡,,,,,,,
hÃ¬nh áº£nh rÃµ,,,,,,,
Ã¢m thanh lá»›n. NÃªn mua. Äá»§ tÃ i chÃ­nh nÃªn mua 43inch trá»Ÿ lÃª,,,,,,,
Ok,,,,,,,
Anh nhÃ¢n viÃªn mang nháº§m máº«u tv trÆ°ng bÃ y nhÆ°ng anh ráº¥t nhiá»‡t tÃ¬nh dÃ¹ trá»i tá»‘i Ä‘Ã£ trá»… Ä‘Ã£ cháº¡y lÃªn láº¡i vÃ  cháº¡y xuá»‘ng giao táº­n nhÃ  ráº¥t hÃ i lÃ²ng trÆ°á»›c chÃ­nh sÃ¡ch Ä‘iá»‡n mÃ¡y xanh vÃ  sáº½ á»§ng há»™ nhiá»u sáº£n pháº©m,,,,,,,
Ok..á»•,,,,,,,
Má»›i mÃ  admin Æ¡i. Táº¡m á»•n tá»›i giá» nÃ y. Tks báº¡,,,,,,,
Tháº¥y táº¡m á»•,,,,,,,
Sáº£n pháº©m tá»‘t nhÃ¢n viÃªn tÆ° váº¥n nhiá»‡t tÃ¬nh vui váº»,,,,,,,
Ok,,,,,,,
Ráº¥t hÃ i lÃ²ng vá» sp nÃ y. NhÃ¢n viÃªn cáº£i Ä‘áº·t táº­n tÃ¬nh. Ráº¥t cáº£m Æ¡,,,,,,,
Hoáº¡t Ä‘á»™ng mÆ°á»£t mÃ ,,,,,,,
háº­n giá»ng nÃ³i tá»‘t,,,,,,,
mÃ u sáº¯c Ä‘áº¹p. NÃ³i chung lÃ  ok!,,,,,,,
Hiá»ƒn thá»‹ cháº­m.,,,,,,,
Tá»‘t,,,,,,,
Sáº£n pháº©m ok,,,,,,,
Giao hÃ ng Ä‘Ãºng háº¹,,,,,,,
hÃ¢n viÃªn nhiá»‡t tÃ¬nh,,,,,,,
CÅ©ng Ä‘Æ°á»£c OK,,,,,,,
Tá»‘t,,,,,,,
Ok,,,,,,,
Hiá»‡n táº¡i thÃ¬ oke lÃ¢u dÃ i k biáº¿t cÃ³ bá»n k,,,,,,,
Ráº¥t OK nhe,,,,,,,
Tuyá»‡t vá»i,,,,,,,
sáº£n pháº©m tá»‘t xÃ i á»•,,,,,,,
Sáº£n pháº©m ok,,,,,,,
ChÃ o ÄMX Hiá»‡n táº¡i tivi Sam Sung mÃ¬nh bá»‹ há»ng hÆ¡n 2 tuáº§n rá»“i mÃ  váº«n chÆ°a Ä‘Æ°á»£c xá»­ lÃ½ máº·c dÃ¹ Ä‘Ã£ thÃ´ng bÃ¡o gá»i Ä‘iá»‡n vÃ  gá»­i tin nháº¯n trang Zalo vÃ  trang Ä‘Ã¡nh giÃ¡ sáº£n pháº©m. NhÆ°ng tá»›i thá»i Ä‘iá»ƒm hiá»‡n táº¡i cÃ¡i mÃ¬nh nháº­n Ä‘Æ°á»£c káº¿t quáº£ báº±ng 0 táº¡i sao mÃ¬nh nÃ³i nhÆ° váº­y lÃ  cÃ³ lÃ½ do tivi Sam Sung cá»§a mÃ¬nh há»ng hÆ¡n 2 tuáº§n rá»“i mÃ¬nh cÅ©ng gá»i Ä‘iá»‡n bÃ¡o lÃªn tá»•ng Ä‘Ã i Ä‘mx nháº¯n tin thÃ´ng bÃ¡o qua Zalo vÃ  trang khiáº¿u náº¡i ná»¯a Ä‘á»u cÃ³ nhiÃªn viÃªn liÃªn há»‡ nháº­n thÃ´ng tin vÃ  hÆ°á»›ng sáº½ lÃ m viá»‡c vá»›i Sam Sung sá»›m cho trÆ°á»ng há»£p nÃ y. MÃ¬nh chá» má»i mÃ²n vÃ  nháº­n láº¡i cÃ¡i feedback cá»§a nhÃ¢n viÃªn ká»¹ thuáº­t Sam Sung bÃ¡o ráº±ng tivi anh háº¿t háº¡n báº£o hÃ nh ngÃ y 30.06.2023 tÃ´i nÃ³i ngÃ y 30.06.2023 lÃ  ngÃ y Ä‘mx giao hÃ ng vÃ  gá»­i tÃ´i file Ä‘Ã­nh kÃ¨m bÃªn dÆ°á»›i lÃ  thÃ´ng tin Ä‘mx gá»­i cho Sam Sung. TÃ´i khÃ´ng hiá»ƒu luÃ´n trÃªn trang web Ä‘mx ghi báº£o hÃ nh 1 thÃ¡ng Ä‘á»‘i vá»›i hÃ ng trÆ°ng bÃ y tuy nhiÃªn trong phiáº¿u báº£o hÃ nh ghi 1 ngÃ y lÃ  sao TÃ´i khÃ´ng hiá»ƒu Hy vá»ng trong hÃ´m nay tÃ´i sáº½ trá»±c Ä‘iá»‡n thoáº¡i chá» nhÃ¢n viÃªn Ä‘mx liÃªn há»‡ vÃ  xá»­ lÃ½ dá»©t Ä‘iá»ƒm trÆ°á»ng há»£p nÃ y. VÃ¬ tÃ´i máº¥t quÃ¡ nhiá»u thá»i gian vÃ o cÃ¡i mÃ  Ä‘á»‘i vá»›i tÃ´i cá»±c ká»³ basical.TÃ´i sá»­ dá»¥ng 2 sdt xxxx121143 xxxx838936Thanks,,,,,,,
Má»›i dÃ¹ng tháº¥y khÃ¡ ok,,,,,,,
Tá»‘t,,,,,,,
Sp tá»‘t.,,,,,,,
Tá»‘t,,,,,,,
HÃ¬nh áº£nh Ã¢m thanh Ä‘áº¡t yÃªu cáº§u,,,,,,,
NhÃ¢n viÃªn phá»¥c vá»¥ quÃ¡ tá»‘t,,,,,,,
táº­n tÃ¢m!,,,,,,,
Ok,,,,,,,
MÃ¡y cháº¡y mÆ°á»£t,,,,,,,
go,,,,,,,
Chá»©c nÄƒng mÆ°á»£t. Ok,,,,,,,
Ok,,,,,,,
Ráº¥t tuyá»‡t vá»i. Sáº£n pháº©m cháº¥t lÆ°á»£ng,,,,,,,
Táº¡m Ä‘Æ°á»£c thÃ´i,,,,,,,
Tv dÃ²ng nÃ y ace mÃ¬nh Ä‘á»«ng mua nhÃ© vÃ´ app mp3 nÃ³ bá»‹ Ä‘á»©ng hÃ¬nh nhÆ° áº£nh nhÃ©,,,,,,,
H,,,,,,,
Dien mÃ¡y xanh Ä‘Ã¡nh máº¥t lÃ²ng tin cá»§a khÃ¡ch hÃ nh. TÃ´i mua sáº£n pháº©m tv QA65QN90B hÃ ng má»›i nhÆ°ng ÄMX láº¡i báº£n cho tÃ´i tv cÅ© Váº­y tÃ´i Ä‘á» Nghá»‹ ÄMX CÃ³ lá»i giáº£i thÃ­ch vÃ  bá»“i thÆ°á»ng láº¡i cho tÃ´i theo Thoa thuan mua bÃ¡n giá»¯a tÃ´i vÃ  ÄMX,,,,,,,
BÃ¬nh thÆ°á»ng,,,,,,,
Rat tot,,,,,,,
Sáº£n pháº©m ráº¥t tá»‘t vÃ  Ä‘áº¹p,,,,,,,
Tivi dá»… sá»­ dá»¥ng,,,,,,,
cháº¥t luoengj hÃ¬nh áº£nh Ä‘áº¹p nÃ©t,,,,,,,
Thá»±c ra cÅ©ng á»•n nhung khi má»›i mua vá» khÃ´ng cÃ³ sÃ¡ch hÆ°á»›ng dáº«n Ä‘iá»u chá»‰nh nÃªn mÃ u kg Ä‘áº¹p vÃ  ká»¹ thuáº­t chá»‰nh chÆ°a tá»‘i Æ°u . Náº¿u muá»‘n hÃ i lÃ²ng thÃ¬ pháº£i máº¥t cáº£ thÃ¡ng máº§y mÃ² má»›i chá»‰nh Ä‘Æ°á»£c theo Ã½ muá»‘n Ä‘Æ°á»£c,,,,,,,
Ráº¥t tá»‘t,,,,,,,
MÃ u sáº¯c Ä‘áº¹p rÃµ nÃ©t,,,,,,,
Sp tá»‘t,,,,,,,
Ti vi OK cháº¥t lÆ°á»£ng hÃ¬nh áº£nh tá»‘t,,,,,,,
Tivi bÆ°á»›c Ä‘áº§u xÃ i á»•n ráº¥t tá»‘t hy vá»ng sáº½ á»§ng há»™ Äiá»‡n MÃ¡y Xanh nhiá»u máº·t hÃ ng khÃ¡c ná»¯a,,,,,,,
Giá»›i thiáº¿u báº¡n bÃ¨ sá»­ dá»¥ng,,,,,,,
Äáº¹p nhÆ° tranh,,,,,,,
Tuyá»‡t,,,,,,,
Ráº¥t Ä‘á»‰nh,,,,,,,
Nv chÆ°a cÃ i máº¥y gÃ³i dvu dc táº·ng miá»…n phÃ­,,,,,,,
QuÃ¡ ok,,,,,,,
Tv sÄƒc net,,,,,,,
am thanh hay,,,,,,,
ok,,,,,,,
ok,,,,,,,
ğŸ˜…ğŸ˜…ğŸ˜…,,,,,,,
Sp ok,,,,,,,
Táº¯t tivi hÆ¡i lÃ¢u,,,,,,,
Good,,,,,,,
Dmart Tivi khung Tranh mÃ u sáº¯c ráº¥t Ä‘áº¹p rá» nÃ©t Ã¢m thanh tá»‘t vÃ o máº¡ng ráº¥t nhanh,,,,,,,
Pháº§n nháº­n dáº¡ng tiáº¿ng nÃ³i báº±ng tiáº¿ng viá»‡t cá»§a bixby chÆ°a chuáº©n láº¯m.,,,,,,,
QuÃ¡ tuyá»‡t,,,,,,,
TÆ° váº¥n hÆ°á»›ng dáº«n nhiá»‡t tÃ¬nh,,,,,,,
TÃ´i ráº¥t hÃ i lÃ²ng,,,,,,,
Cháº¥t lÆ°á»£ng tá»‘t,,,,,,,
hÃ¬nh áº£nh sáº¯c nÃ©t mÃ u sáº¯c Ä‘áº¹p,,,,,,,
kiá»ƒu dÃ¡ng hiá»‡n Ä‘áº¡i nÃ³i chung lÃ  tá»‘t.,,,,,,,
Xem hÃ¬nh mÃ u ko Ä‘áº¹p,,,,,,,
Sp ok,,,,,,,
HÃ i lÃ²ng vá» sp,,,,,,,
Ok,,,,,,,
HÃ¬nh áº£nh ráº¥t OK,,,,,,,
Ráº¥t tiá»ƒc... Sau khi xem 30 phÃºt,,,,,,,
tÃ´i pháº£i tráº£ láº¡i. VÃ¬ hÃ¬nh áº£nh... ÄÃ£ pháº£i chá»‹u máº¥t phÃ­ 20% = 2.940.000,,,,,,,
Tivi cá»§a tÃ´i khÃ´ng cáº­p nháº­t Ä‘Æ°á»£c pháº§n má»m. Xin Ä‘Æ°á»£c há»— trá»£,,,,,,,
haÌ€i loÌ€ng,,,,,,,
Tá»‘t,,,,,,,
Tá»‘t,,,,,,,
Má»›i dÃ¹ng nÃªn chÆ°a tráº£i nghiá»‡m háº¿t Ä‘Æ°á»£c cÃ¡c chá»©c nÄƒng. MÃ n hÃ¬nh sáº¯c nÃ©t,,,,,,,
Ã¢m thanh hÆ¡i nhá».,,,,,,,
tivi Ä‘ang gáº·p váº¥n Ä‘á» lá»—i mÃ n hÃ¬nh,,,,,,,
KhÃ´ng bá»n nhanh há»ng mÃ n hÃ¬nh,,,,,,,
Ä‘Ã£ pháº£i thay mÃ n hÃ¬nh,,,,,,,
XÃ i Ä‘Æ°á»£c má»™t nÄƒm thÃ¬ bá»‹ sá»c. Tháº¥t vá»ng,,,,,,,
ok,,,,,,,
Vá»«a má»›i Ä‘Ã¡nh giÃ¡ tá»‘t xong thÃ¬ mÃ n bá»‹ sá»c. LiÃªn há»‡ báº£o hÃ nh vÃ  Ä‘Æ°á»£c Ä‘á»•i qua cÃ¡i khÃ¡c. Háº¹n giao trong 24h tiáº¿p theo.HÃ£ng lá»›n tivi hiá»‡n Ä‘áº¡i váº­y mÃ  sá»c mÃ n hÃ¬nh dá»… dÃ ng quÃ¡. HÆ¡i tháº¥t vá»ng.,,,,,,,
Tá»‘t.,,,,,,,
Tá»‘t,,,,,,,
Tá»‘t,,,,,,,
rat tot ak .nhiet tinh sp ok láº¯m ak,,,,,,,
Mua tá»« 16/1/2023 chÆ°a Ä‘c 1 nÄƒm Ä‘Ã£ Ä‘en xÃ¬ mÃ n hÃ¬nh rá»“i,,,,,,,
Sáº£n pháº©m tá»‘t,,,,,,,
Ok,,,,,,,
Má»›i mua Ä‘c 2 thÃ¡ng Ä‘Ã£ nháº£y loáº¡n lÃª,,,,,,,
á»•,,,,,,,
Tá»‘t,,,,,,,
HÃ i lÃ²ng,,,,,,,
"Chiáº¿c ti vi nÃ y tÃ´i vá»«a mua xong Ä‘Ã£ xuáº¥t hiá»‡n mÃ nh mÃ nh trÃªn mÃ n hÃ¬nh rá»“i,tÃ´i yÃªu cáº§u Ä‘á»•i ti vi khÃ¡c.",,,,,,,
MÃ u sáº¯c chÃ³i quÃ¡ quÃ¡,,,,,,,
Sáº£n pháº©m bÃ¬nh thÆ°á»ng,,,,,,,
HÃ¬nh Ä‘áº¹p,,,,,,,
Ã¢m thanh tá»‘t. Ngo,,,,,,,
bá»•,,,,,,,
ráº»,,,,,,,
Ä‘Ã¡ng Ä‘á»“ng tiá»,,,,,,,
HÃ¬nh áº£nh,,,,,,,
mÃ u sáº¯c nÃ©t,,,,,,,
HÃ i lÃ²ng,,,,,,,
ok,,,,,,,
NhÃ¢n viÃªn nhiá»‡t tÃ¬nh,,,,,,,
cháº¥t lÆ°á»£ng sáº£n pháº©m tá»‘t,,,,,,,
Sáº£n pháº©m ráº¥t tá»‘t dao hÃ ng nhanh nhÃ¢n viÃªn nhiá»‡t tÃ¬nh,,,,,,,
Ráº¥t tá»‘t ok nha,,,,,,,
Sáº£n pháº©m cao cáº¥p mÃ  giÃ¡ há»£p lÃ½ hÃ¬nh áº£nh Ä‘áº¹p mÃ u sáº¯c ráº¥t Ä‘áº¹p má»i chá»©c nÄƒng sá»­ dá»¥ng chi khoa há»c tiá»‡n lá»£i dá»… dÃ¹ng nÃ³i chung lÃ  nÃªn mua,,,,,,,
TÃ´i mua ngÆ°á»i giao hÃ ng Ä‘áº¿n láº¯p ko tháº¥y cÃ³ tem Ä‘iá»‡n mÃ¡y xanh trÃªn gÃ³c mÃ n hÃ¬nh nhá»‰,,,,,,,
xem hÆ¡n thÃ¡ng tháº¥y ráº¥t lÃ³a máº¯t,,,,,,,
Tá»‘t,,,,,,,
Tá»‘t,,,,,,,
Dá»‹ch vá»¥ tÃ´t,,,,,,,
Tá»‘t,,,,,,,
Giá»ng nÃ³i ráº¥t cháº­m. VÃ  thÆ°á»ng khÃ´ng tÃ¬m tháº¥y,,,,,,,
Sp tá»‘t,,,,,,,
TÃ´i Ä‘Ã¡nh giÃ¡ vá»«a lÃ²ng,,,,,,,
Tá»‘t,,,,,,,
Sp dÃ¹ng ok,,,,,,,
HÃ¬nh áº£nh má»,,,,,,,
lem,,,,,,,
tá»‘t,,,,,,,
TÃ´i tháº¥y Sáº£n pháº©m dÃ¹ng tá»‘t,,,,,,,
Tá»‘t,,,,,,,
Äáº¹p. Giao nhanh,,,,,,,
Ok,,,,,,,
Tá»‘t,,,,,,,
Cháº¥t lÆ°á»£ng tá»‘t,,,,,,,
ok,,,,,,,
DÃ¹ng á»•,,,,,,,
HÃ¬nh áº£nh sáº¯c náº¿t. Káº¿t ná»‘i Hdmi khÃ´ng dÃ¢y Ä‘iá»u OK. Khi nÃ o cÃ³ tÃ i chÃ­nh sáº½ sÄƒm thÃªm 1 cÃ¡i ná»¯a. Cho Ä‘á»§ bá»™,,,,,,,
Tá»‘t. XÃ i á»•n Ä‘inh. HÃ¬nh áº£nh sáº¯c nÃ©t,,,,,,,
Tot,,,,,,,
MÃ n hÃ¬nh Ä‘áº¹p. DÃ¹ng xem phim ráº¥t thÃ­ch. Táº¡m thá»i khÃ¡ hÃ i lÃ²ng.,,,,,,,
Tivi sáº¯c nÃ©t,,,,,,,
Ä‘á»™ phÃ¢n giáº£i cao,,,,,,,
led tá»‘t,,,,,,,
phÃ¹ há»£p vá»›i giÃ¡ tiá»,,,,,,,
CÃ´ng tÃ¡c phá»¥c vá»¥ rá»©t tá»‘t,,,,,,,
Ráº¥t tá»‘t,,,,,,,
Ok,,,,,,,
Toi TÃ´i cáº£m tháº¥y mÃ¡y hoáº¡t Ä‘á»™ng ráº¥t tá»‘t,,,,,,,
Tá»‘t,,,,,,,
TÃ´t,,,,,,,
Ä‘áº¹p,,,,,,,
Sáº£n pháº©m tuyá»‡t vá»i,,,,,,,
Tivi to Ä‘áº¹p,,,,,,,
hÃ¬nh áº£nh rá» nÃ©t,,,,,,,
Ã¢m thanh hay. Mua Ä‘Æ°á»£c vá»›i giÃ¡ tá»‘t,,,,,,,
Ä‘Æ°á»£c táº·ng gÃ³i vieon vip 6 th xem Ä‘Æ°á»£c nhiá»u chÆ°Æ¡ng trÃ¬nh. NhÃ¢n viÃªn giao hÃ ng nhiá»‡t tÃ¬nh hÆ°á»›ng dáº«n chu Ä‘Ã¡o. Ráº¥t hÃ i lÃ²ng. Giá» Ä‘á»£i thá»i gian xem tivi cÃ³ tá»‘t khÃ´ng,,,,,,,
Tá»‘t,,,,,,,
Ráº¥t tá»‘t mÃ n hÃ¬nh Ä‘áº¹p,,,,,,,
Má»›i dÃ¹ng. Cáº£m tháº¥y ráº¥t tá»‘t chÆ°a biáº¿t vá» sau tháº¿ nÃ o,,,,,,,
ÄÃ£ sá»­ dá»¥ng Ä‘Æ°á»£c vÃ i thÃ¡ng,,,,,,,
Ä‘áº¿n giá» váº«n á»•n. Cháº¥t lÆ°á»£ng Ã¢m thanh vÃ  hÃ¬nh áº£nh tá»‘t. Tá»« ich vá»¥ tÆ° váº¥,,,,,,,
giá»›i thiá»‡u DMX Le Hong Phong VTau Ä‘áº¿n giao vÃ  chÄƒm sÃ³c khÃ¡ch hÃ ng DMX chuyÃªn nghiá»‡p.,,,,,,,
Ráº¥t tá»‘t,,,,,,,
Ti vi xem cháº¥t lÆ°á»£ng hÃ¬nh áº£nh Ã¢m thanh tá»‘t riÃªng vá» mÃ n hÃ¬nh quÃ¡ nhanh há»ng vÃ  lá»—i,,,,,,,
Ok,,,,,,,
Ráº¥t tá»‘t,,,,,,,
Äá»™ tÆ°Æ¡ng pháº£n Ä‘ep,,,,,,,
Ã¢m thanh hay,,,,,,,
mÃ u sáº¯c nÃ©t,,,,,,,
Sáº£n pháº©m nÃ y sá»­ dá»¥ng tá»‘t!,,,,,,,
TÃ´i mua Tivi Neo QLED 4k 55inch SÃ¡mung QA55QN858 tÃ´i SÃ i OK,,,,,,,
Tá»‘t,,,,,,,
Sáº£n pháº©m dÃ¹ng quÃ¡ tuyá»‡ vá»i,,,,,,,
Sáº£n pháº©m ráº¥t tá»‘t. HÃ i lÃ²ng,,,,,,,
Tivi sÃ i ok láº¯m loa ráº¥t to mÃ n hÃ¬nh cháº¥t lÆ°á»£ng tá»‘t viá»n má»ng nhanh mÆ°á»£t,,,,,,,
bá»‹ lá»—i remove nhÆ°ng Ä‘Æ°á»£c hÃ£ng Ä‘á»•i cÃ¡i má»›i. KhÃ´ng hÃ i lÃ²ng vá» khung treo,,,,,,,
Tivi mua vá» dÃ¹ng 1 tuáº§n lá»—i quÃ¡ nhiá»u. Sáº£n pháº©m cÃ²n trong box mÃ  bá»¥i lá»t vÃ o tráº¯ng xÃ³a. Remote máº¥t tÃ­n hiá»‡u,,,,,,,
tivi vÃ o cÃ¡c app xem Ä‘c 1 lÃºc liÃªn tá»¥c bá»‹ out ra tá»± nhiÃªn táº¯t phá»¥t r khá»Ÿi Ä‘á»™ng láº¡i ráº¥t khÃ³ chá»‹u yÃªu cáº§u DMX Ä‘á»•i sp khÃ¡c,,,,,,,
tÃ´i mua tivi Ä‘á»ƒ Táº¿t cáº£ gia Ä‘Ã¬nh cÃ³ cÃ¡i xem chá»© khÃ´ng pháº£i mua cÃ¡i bá»±c mÃ¬nh. BÃ¡n hÃ ng tá»« cÃ¡i tÃ¢m chá»© khÃ´ng pháº£i sale xuá»‘ng r bÃ¡n hÃ ng rá»m ntn. BÃ¡n hÃ ng sale giÃ¡ váº«n cÃ²n cao hÆ¡n cÃ¡c nÆ¡i khÃ¡c tÃ´i váº«n tin tÆ°á»Ÿng mua á»Ÿ DMX vÃ¬ nghÄ© Ä‘Ã¢y lÃ  nÆ¡i uy tÃ­n. YÃªu cáº§u DMX mau giáº£i quyáº¿t Ä‘á»ƒ GÄ tÃ´i cÃ³ tivi má»›i yÃªn tÃ¢m xem Táº¿t.,,,,,,,
MÃ¬nh tháº¥y tivi dÃ¹ng 1 thÃ¡ng káº¿t ná»‘i wifi ko á»•n Ä‘á»‹nh,,,,,,,
cá»© thi thoáº£ng Ã­t thÃ´i lÃºc táº¯t Ä‘i báº­t lÃªn thÃ¬ máº¥t káº¿t ná»‘i wifi,,,,,,,
"Cháº¥t lÆ°á»£ng sp tá»‡ xÃ i 12t hÆ° mÃ n hÃ¬nh . Dmx k há»• trá»£ ,nvbh háº¹n 3/10 tráº£ lá»i khÃ¡ch hÃ ng nhÆ°ng Ä‘áº¿n nay t chÆ°a nháº­n Ä‘c cuá»™c gá»i. Chá»‰ biáº¿t háº¹n vÃ  háº¹n",,,,,,,
háº¹n 5 láº§n 7luá»t k giáº£i quyáº¿t.,,,,,,,
HÃ¬nh áº£nh gÆ°Æ¡ng máº·t giáº£ táº¡o khÃ´ng sÃ¢c nÃ©t,,,,,,,
"toi cam thay rat hai long ,nhung quang cao qua nhieu ,co cach nao chan bot duoc khong ??",,,,,,,
hiá»‡n táº¡i á»•,,,,,,,
Tá»‘t,,,,,,,
Tá»‘t,,,,,,,
Äáº¹p,,,,,,,
rá»• nÃ©t,,,,,,,
Ã¢m thanh hay,,,,,,,
Ok táº¡m á»•n trong táº§m giÃ¡,,,,,,,
HÃ¬nh áº£nh ráº¥t Ä‘áº¹p Ã¢m thanh tuyá»‡t vá»i,,,,,,,
Tá»‘t,,,,,,,
TÃ´i má»›i mua TV nÃ y thÃ¡ng 01/2023. NhÆ°ng nay láº¡i bá»‹ hÆ° remote,,,,,,,
báº¥m khÃ´ng Äƒ,,,,,,,
sáº¡c pin khÃ´ng vÃ o. Coi nhÆ° cÃ¡i TV thÃ nh 1 cá»¥c gáº¡ch. Äem ra cá»­a hÃ ng thÃ¬ nhÃ¢n viÃªn bÃ¡o gá»­i vá» hÃ£ng báº£o hÃ nh,,,,,,,
thá»i gian bh 7-15 ngÃ y vÃ  cÃ³ thá»ƒ 30 ngÃ y náº¿u thiáº¿u linh kiá»‡n. TÃ´i cÃ³ há»i trong thá»i gian chá» thÃ¬ cá»­a hÃ ng cÃ³ remote khÃ¡c Ä‘á»ƒ tÃ´i sd táº¡m trong thá»i gian chá» khÃ´ng!? ThÃ¬ nháº­n Ä‘Æ°á»£c cÃ¢u tráº£ lá»i lÃ  KHÃ”NG vÃ  TÃ”I PHáº¢I Bá» RA 80 NGHÃŒN Äá»‚ MUA 1 CÃI REMOTE XÃ€I Táº M. Váº­y sáº½ ra sao náº¿u tÃ´i khÃ´ng chá»‹u bá» tiá»n mua remote táº¡m,,,,,,,
gia Ä‘Ã¬nh tÃ´i pháº£i ngá»“i xung quanh nhÃ¬n 1 cÃ¡i mÃ n hÃ¬nh Ä‘en thui á»Ÿ giá»¯a nhÃ  Ã !? Vá»— tay cho cÃ¡ch phá»¥c vá»¥ cá»§a cÃ¡c báº¡,,,,,,,
Ä‘Ã¢y sáº½ lÃ  láº§n cuá»‘i cÃ¹ng tÃ´i mua hÃ ng á»Ÿ ÄMX.,,,,,,,
Tá»‘t,,,,,,,
Khi thay Ä‘á»•i app xem thá»‰nh thoáº£ng bá»‹ Ä‘á»©ng,,,,,,,
cáº§n táº¯t Ä‘i má»Ÿ láº¡i,,,,,,,
sáº£n pháº©m tá»‘t,,,,,,,
Sáº£n pháº©m ok,,,,,,,
Oke,,,,,,,
ráº¥t ok,,,,,,,
Ok,,,,,,,
Tivi em bá»‹ sá»c giá»¯a mÃ n hÃ¬nh khÃ´nh biáº¿t cÃ³ Ä‘Æ°á»£c báº£o hÃ nh khÃ´ng áº¡,,,,,,,
"Mua vá» chÆ°a gÃ¬ Ä‘Ã£ hÆ° há»ng Ä‘iá»u khiá»ƒn tivi,bÃ¡o lÃªn thÃ¬ gá»i ngÆ°á»i nÃ y ngÆ°á»i kia giáº£i quyáº¿t,cuá»‘i cÃ¹ng 2 tuáº§n chÆ°a cÃ³ Ä‘iá»u khiá»ƒn tivi mÃ  chÆ°a ai giáº£i quyáº¿t luÃ´n,cÃ²n Ä‘á»“i bÃ¡n cho Ä‘iá»u khiá»ƒn tivi má»›i ná»¯a chá»©,quÃ¡ tá»‡ cho má»™t há»‡ thá»‘ng lá»›n,bÃ¡n hÃ ng mÃ  cÃ³ cÃ¡i Ä‘iá»u khiá»ƒn tivi ko giáº£i quyáº¿t Ä‘c thÃ¬ há»i khÃ¡ch hÃ ng cÃ³ tin tÆ°á»Ÿng Ä‘á»ƒ mua ná»¯a ko,láº§n Ä‘Ã¢u mua onl quÃ¡ tháº¥t vá»ng vá» cÃ¡ch xá»­ lÃ½ khi hÃ ng giao cho khÃ¡ch chÆ°a dÃ¹ng Ä‘Ã£ bá»‹ hÆ° vÃ  hÃ¬nh nhÆ° cÃ²n ko chá»‹u trÃ¡ch nhiá»‡m vÃ  ko xá»­ lÃ½ cho khÃ¡ch,ráº¥t chÃ¡n náº£n.",,,,,,,
Tivi mua ngÃ y 3/5/2023 mÃ  dá»« Ä‘iá»u khiá»ƒn tivi bá»‹ hÆ° cÃ³ Ä‘Æ°á»£c báº£o hÃ nh khÃ´ng áº¡,,,,,,,
Ok,,,,,,,
TÃ´t,,,,,,,
NÃªn mua nha má»i ngÆ°á»i,,,,,,,
sáº£n pháº©m ráº¥t ok,,,,,,,
hÃ¢n viÃªn ráº¥t nhiá»‡t tÃ¬nh,,,,,,,
"hÆ°ng mÃ¬nh quÃªn chá»¥p áº£nh láº¡i,",,,,,,,
HÃ i lÃ²ng,,,,,,,
Váº«n á»•,,,,,,,
MÃ¬nh cáº§n káº¿t ná»‘i vá»›i FPT mÃ  chÆ°a káº¿t ná»‘i Ä‘Æ°á»£c,,,,,,,
Ráº¥t tá»‡,,,,,,,
Dung ok,,,,,,,
Sáº£n pháº©m ráº¥t Ä‘Ã¡ng mua,,,,,,,
"Äiá»u khiá»ƒn giá»ng nÃ³i khÃ´ng Ä‘Æ°á»£c,",,,,,,,
NhÃ¢n viÃªn láº¯p Ä‘áº·t nhiá»‡t tÃ¬nh,,,,,,,
Hinh anh va Ã¢m thanh Ä‘ep vÆ¡i tÃ¢m gia nay.,,,,,,,
TV ráº» vÃ  dÃ¹ng tá»‘t,,,,,,,
Ok,,,,,,,
má»›i mua ngÃ y thá»© 2 Ä‘Ã£ bá»‹ lá»—i khÃ´ng má»Ÿ mÃ n hÃ¬nh Ä‘Æ°á»£c.,,,,,,,
Hiá»‡n táº¡i ráº¥t tá»‘t,,,,,,,
Ngon lÃ nh,,,,,,,
OK tivi xem ráº¥t tá»‘t,,,,,,,
Tá»‘t,,,,,,,
Ráº¥t tá»‘t,,,,,,,
Chuáº«,,,,,,,
